<?xml version="1.0"?>
<ArrayOfTypeVersionTuple xmlns:xsd="http://www.w3.org/2001/XMLSchema" xmlns:xsi="http://www.w3.org/2001/XMLSchema-instance">
  <TypeVersionTuple>
    <Type>_kv_experience_bonuses_tables</Type>
    <MaxVersion>0</MaxVersion>
  </TypeVersionTuple>
  <TypeVersionTuple>
    <Type>_kv_fatigue_tables</Type>
    <MaxVersion>0</MaxVersion>
  </TypeVersionTuple>
  <TypeVersionTuple>
    <Type>_kv_key_buildings_tables</Type>
    <MaxVersion>0</MaxVersion>
  </TypeVersionTuple>
  <TypeVersionTuple>
    <Type>_kv_morale_tables</Type>
    <MaxVersion>0</MaxVersion>
  </TypeVersionTuple>
  <TypeVersionTuple>
    <Type>_kv_naval_morale_tables</Type>
    <MaxVersion>0</MaxVersion>
  </TypeVersionTuple>
  <TypeVersionTuple>
    <Type>_kv_rules_tables</Type>
    <MaxVersion>0</MaxVersion>
  </TypeVersionTuple>
  <TypeVersionTuple>
    <Type>_kv_special_ability_effects_tables</Type>
    <MaxVersion>0</MaxVersion>
  </TypeVersionTuple>
  <TypeVersionTuple>
    <Type>abilities_tables</Type>
    <MaxVersion>0</MaxVersion>
  </TypeVersionTuple>
  <TypeVersionTuple>
    <Type>achievements_tables</Type>
    <MaxVersion>1</MaxVersion>
  </TypeVersionTuple>
  <TypeVersionTuple>
    <Type>advice_levels_tables</Type>
    <MaxVersion>2</MaxVersion>
  </TypeVersionTuple>
  <TypeVersionTuple>
    <Type>advice_threads_tables</Type>
    <MaxVersion>0</MaxVersion>
  </TypeVersionTuple>
  <TypeVersionTuple>
    <Type>advisors_tables</Type>
    <MaxVersion>1</MaxVersion>
  </TypeVersionTuple>
  <TypeVersionTuple>
    <Type>agent_attributes_tables</Type>
    <MaxVersion>0</MaxVersion>
  </TypeVersionTuple>
  <TypeVersionTuple>
    <Type>agent_culture_details_tables</Type>
    <MaxVersion>3</MaxVersion>
  </TypeVersionTuple>
  <TypeVersionTuple>
    <Type>agent_to_agent_abilities_tables</Type>
    <MaxVersion>0</MaxVersion>
  </TypeVersionTuple>
  <TypeVersionTuple>
    <Type>agent_to_agent_attributes_tables</Type>
    <MaxVersion>0</MaxVersion>
  </TypeVersionTuple>
  <TypeVersionTuple>
    <Type>agent_uniform_colours_tables</Type>
    <MaxVersion>1</MaxVersion>
  </TypeVersionTuple>
  <TypeVersionTuple>
    <Type>agent_uniforms_tables</Type>
    <MaxVersion>2</MaxVersion>
  </TypeVersionTuple>
  <TypeVersionTuple>
    <Type>agent_voice_events_junctions_tables</Type>
    <MaxVersion>0</MaxVersion>
  </TypeVersionTuple>
  <TypeVersionTuple>
    <Type>agents_tables</Type>
    <MaxVersion>5</MaxVersion>
  </TypeVersionTuple>
  <TypeVersionTuple>
    <Type>aide_de_camp_speeches_tables</Type>
    <MaxVersion>2</MaxVersion>
  </TypeVersionTuple>
  <TypeVersionTuple>
    <Type>ancillaries_tables</Type>
    <MaxVersion>6</MaxVersion>
  </TypeVersionTuple>
  <TypeVersionTuple>
    <Type>ancillary_included_subcultures_tables</Type>
    <MaxVersion>0</MaxVersion>
  </TypeVersionTuple>
  <TypeVersionTuple>
    <Type>ancillary_info_tables</Type>
    <MaxVersion>0</MaxVersion>
  </TypeVersionTuple>
  <TypeVersionTuple>
    <Type>ancillary_to_attribute_effects_tables</Type>
    <MaxVersion>0</MaxVersion>
  </TypeVersionTuple>
  <TypeVersionTuple>
    <Type>ancillary_to_effects_tables</Type>
    <MaxVersion>0</MaxVersion>
  </TypeVersionTuple>
  <TypeVersionTuple>
    <Type>ancillary_to_excluded_ancillaries_tables</Type>
    <MaxVersion>0</MaxVersion>
  </TypeVersionTuple>
  <TypeVersionTuple>
    <Type>ancillary_to_included_agents_tables</Type>
    <MaxVersion>0</MaxVersion>
  </TypeVersionTuple>
  <TypeVersionTuple>
    <Type>ancillary_types_tables</Type>
    <MaxVersion>0</MaxVersion>
  </TypeVersionTuple>
  <TypeVersionTuple>
    <Type>anim_reference_poses_tables</Type>
    <MaxVersion>0</MaxVersion>
  </TypeVersionTuple>
  <TypeVersionTuple>
    <Type>avatar_advanced_skills_requirements_tables</Type>
    <MaxVersion>1</MaxVersion>
  </TypeVersionTuple>
  <TypeVersionTuple>
    <Type>avatar_aesthetic_sets_tables</Type>
    <MaxVersion>4</MaxVersion>
  </TypeVersionTuple>
  <TypeVersionTuple>
    <Type>avatar_aesthetic_sources_tables</Type>
    <MaxVersion>0</MaxVersion>
  </TypeVersionTuple>
  <TypeVersionTuple>
    <Type>avatar_aesthetics_localised_source_lookups_tables</Type>
    <MaxVersion>2</MaxVersion>
  </TypeVersionTuple>
  <TypeVersionTuple>
    <Type>avatar_aesthetics_tables</Type>
    <MaxVersion>7</MaxVersion>
  </TypeVersionTuple>
  <TypeVersionTuple>
    <Type>avatar_ancillaries_descriptions_tables</Type>
    <MaxVersion>1</MaxVersion>
  </TypeVersionTuple>
  <TypeVersionTuple>
    <Type>avatar_ancillaries_localised_source_lookups_tables</Type>
    <MaxVersion>0</MaxVersion>
  </TypeVersionTuple>
  <TypeVersionTuple>
    <Type>avatar_ancillaries_to_categories_juncs_tables</Type>
    <MaxVersion>0</MaxVersion>
  </TypeVersionTuple>
  <TypeVersionTuple>
    <Type>avatar_ancillaries_to_effects_junctions_tables</Type>
    <MaxVersion>5</MaxVersion>
  </TypeVersionTuple>
  <TypeVersionTuple>
    <Type>avatar_army_makeup_traits_tables</Type>
    <MaxVersion>0</MaxVersion>
  </TypeVersionTuple>
  <TypeVersionTuple>
    <Type>avatar_campaign_maps_tables</Type>
    <MaxVersion>8</MaxVersion>
  </TypeVersionTuple>
  <TypeVersionTuple>
    <Type>avatar_clan_specialisms_tables</Type>
    <MaxVersion>1</MaxVersion>
  </TypeVersionTuple>
  <TypeVersionTuple>
    <Type>avatar_dojo_chains_tables</Type>
    <MaxVersion>2</MaxVersion>
  </TypeVersionTuple>
  <TypeVersionTuple>
    <Type>avatar_dojo_codependencies_tables</Type>
    <MaxVersion>0</MaxVersion>
  </TypeVersionTuple>
  <TypeVersionTuple>
    <Type>avatar_dojos_tables</Type>
    <MaxVersion>2</MaxVersion>
  </TypeVersionTuple>
  <TypeVersionTuple>
    <Type>avatar_drop_probabilities_tables</Type>
    <MaxVersion>0</MaxVersion>
  </TypeVersionTuple>
  <TypeVersionTuple>
    <Type>avatar_effects_tables</Type>
    <MaxVersion>0</MaxVersion>
  </TypeVersionTuple>
  <TypeVersionTuple>
    <Type>avatar_faction_flags_tables</Type>
    <MaxVersion>0</MaxVersion>
  </TypeVersionTuple>
  <TypeVersionTuple>
    <Type>avatar_flags_tables</Type>
    <MaxVersion>3</MaxVersion>
  </TypeVersionTuple>
  <TypeVersionTuple>
    <Type>avatar_gempei_dojos_tables</Type>
    <MaxVersion>0</MaxVersion>
  </TypeVersionTuple>
  <TypeVersionTuple>
    <Type>avatar_product_lookups_tables</Type>
    <MaxVersion>0</MaxVersion>
  </TypeVersionTuple>
  <TypeVersionTuple>
    <Type>avatar_ranks_tables</Type>
    <MaxVersion>3</MaxVersion>
  </TypeVersionTuple>
  <TypeVersionTuple>
    <Type>avatar_skill_chain_lookups_tables</Type>
    <MaxVersion>0</MaxVersion>
  </TypeVersionTuple>
  <TypeVersionTuple>
    <Type>avatar_skill_effects_juncs_tables</Type>
    <MaxVersion>3</MaxVersion>
  </TypeVersionTuple>
  <TypeVersionTuple>
    <Type>avatar_skill_prerequisites_tables</Type>
    <MaxVersion>0</MaxVersion>
  </TypeVersionTuple>
  <TypeVersionTuple>
    <Type>avatar_skill_sets_tables</Type>
    <MaxVersion>1</MaxVersion>
  </TypeVersionTuple>
  <TypeVersionTuple>
    <Type>avatar_skill_tree_traits_tables</Type>
    <MaxVersion>0</MaxVersion>
  </TypeVersionTuple>
  <TypeVersionTuple>
    <Type>avatar_skills_descriptions_tables</Type>
    <MaxVersion>0</MaxVersion>
  </TypeVersionTuple>
  <TypeVersionTuple>
    <Type>avatar_skills_tables</Type>
    <MaxVersion>10</MaxVersion>
  </TypeVersionTuple>
  <TypeVersionTuple>
    <Type>avatar_skills_to_units_juncs_tables</Type>
    <MaxVersion>0</MaxVersion>
  </TypeVersionTuple>
  <TypeVersionTuple>
    <Type>avatar_special_abilities_tables</Type>
    <MaxVersion>0</MaxVersion>
  </TypeVersionTuple>
  <TypeVersionTuple>
    <Type>avatar_startpos_units_tables</Type>
    <MaxVersion>1</MaxVersion>
  </TypeVersionTuple>
  <TypeVersionTuple>
    <Type>avatar_traits_tables</Type>
    <MaxVersion>2</MaxVersion>
  </TypeVersionTuple>
  <TypeVersionTuple>
    <Type>avatar_unit_group_ids_tables</Type>
    <MaxVersion>0</MaxVersion>
  </TypeVersionTuple>
  <TypeVersionTuple>
    <Type>avatar_unit_group_recruitment_limits_tables</Type>
    <MaxVersion>0</MaxVersion>
  </TypeVersionTuple>
  <TypeVersionTuple>
    <Type>avatar_unit_groups_tables</Type>
    <MaxVersion>0</MaxVersion>
  </TypeVersionTuple>
  <TypeVersionTuple>
    <Type>avatar_unit_info_card_abilites_strings_tables</Type>
    <MaxVersion>0</MaxVersion>
  </TypeVersionTuple>
  <TypeVersionTuple>
    <Type>avatar_unit_levels_tables</Type>
    <MaxVersion>1</MaxVersion>
  </TypeVersionTuple>
  <TypeVersionTuple>
    <Type>avatar_unit_ui_categories_tables</Type>
    <MaxVersion>0</MaxVersion>
  </TypeVersionTuple>
  <TypeVersionTuple>
    <Type>avatar_units_tables</Type>
    <MaxVersion>8</MaxVersion>
  </TypeVersionTuple>
  <TypeVersionTuple>
    <Type>avatar_xp_rewards_tables</Type>
    <MaxVersion>2</MaxVersion>
  </TypeVersionTuple>
  <TypeVersionTuple>
    <Type>battle_autoresolver_balances_tables</Type>
    <MaxVersion>0</MaxVersion>
  </TypeVersionTuple>
  <TypeVersionTuple>
    <Type>battle_bridge_subculture_jcts_tables</Type>
    <MaxVersion>0</MaxVersion>
  </TypeVersionTuple>
  <TypeVersionTuple>
    <Type>battle_cameras_tables</Type>
    <MaxVersion>1</MaxVersion>
  </TypeVersionTuple>
  <TypeVersionTuple>
    <Type>battle_cities_tables</Type>
    <MaxVersion>0</MaxVersion>
  </TypeVersionTuple>
  <TypeVersionTuple>
    <Type>battle_city_buildings_tables</Type>
    <MaxVersion>0</MaxVersion>
  </TypeVersionTuple>
  <TypeVersionTuple>
    <Type>battle_city_subculture_jct_tables</Type>
    <MaxVersion>0</MaxVersion>
  </TypeVersionTuple>
  <TypeVersionTuple>
    <Type>battle_climate_weather_descriptions_tables</Type>
    <MaxVersion>0</MaxVersion>
  </TypeVersionTuple>
  <TypeVersionTuple>
    <Type>battle_entities_tables</Type>
    <MaxVersion>0</MaxVersion>
  </TypeVersionTuple>
  <TypeVersionTuple>
    <Type>battle_personalities_tables</Type>
    <MaxVersion>1</MaxVersion>
  </TypeVersionTuple>
  <TypeVersionTuple>
    <Type>battle_script_advice_strings_tables</Type>
    <MaxVersion>0</MaxVersion>
  </TypeVersionTuple>
  <TypeVersionTuple>
    <Type>battle_script_strings_tables</Type>
    <MaxVersion>2</MaxVersion>
  </TypeVersionTuple>
  <TypeVersionTuple>
    <Type>battle_sequences_tables</Type>
    <MaxVersion>0</MaxVersion>
  </TypeVersionTuple>
  <TypeVersionTuple>
    <Type>battle_sky_types_tables</Type>
    <MaxVersion>0</MaxVersion>
  </TypeVersionTuple>
  <TypeVersionTuple>
    <Type>battle_terrain_farms_tables</Type>
    <MaxVersion>0</MaxVersion>
  </TypeVersionTuple>
  <TypeVersionTuple>
    <Type>battle_type_faction_presets_tables</Type>
    <MaxVersion>1</MaxVersion>
  </TypeVersionTuple>
  <TypeVersionTuple>
    <Type>battle_type_setup_limits_tables</Type>
    <MaxVersion>1</MaxVersion>
  </TypeVersionTuple>
  <TypeVersionTuple>
    <Type>battle_type_unit_to_faction_presets_tables</Type>
    <MaxVersion>0</MaxVersion>
  </TypeVersionTuple>
  <TypeVersionTuple>
    <Type>battle_types_tables</Type>
    <MaxVersion>1</MaxVersion>
  </TypeVersionTuple>
  <TypeVersionTuple>
    <Type>battle_weather_types_tables</Type>
    <MaxVersion>0</MaxVersion>
  </TypeVersionTuple>
  <TypeVersionTuple>
    <Type>battlefield_building_categories_tables</Type>
    <MaxVersion>0</MaxVersion>
  </TypeVersionTuple>
  <TypeVersionTuple>
    <Type>battlefield_building_transformations_tables</Type>
    <MaxVersion>0</MaxVersion>
  </TypeVersionTuple>
  <TypeVersionTuple>
    <Type>battlefield_buildings_tables</Type>
    <MaxVersion>6</MaxVersion>
  </TypeVersionTuple>
  <TypeVersionTuple>
    <Type>battlefield_deployable_siege_items_tables</Type>
    <MaxVersion>0</MaxVersion>
  </TypeVersionTuple>
  <TypeVersionTuple>
    <Type>battlefield_snow_props_tables</Type>
    <MaxVersion>0</MaxVersion>
  </TypeVersionTuple>
  <TypeVersionTuple>
    <Type>battles_tables</Type>
    <MaxVersion>4</MaxVersion>
  </TypeVersionTuple>
  <TypeVersionTuple>
    <Type>battles_to_avatar_product_lookups_junctions_tables</Type>
    <MaxVersion>0</MaxVersion>
  </TypeVersionTuple>
  <TypeVersionTuple>
    <Type>battles_to_battle_sky_types_junctions_tables</Type>
    <MaxVersion>0</MaxVersion>
  </TypeVersionTuple>
  <TypeVersionTuple>
    <Type>bombardment_quality_to_artillery_support_modifiers_tables</Type>
    <MaxVersion>0</MaxVersion>
  </TypeVersionTuple>
  <TypeVersionTuple>
    <Type>bribe_actions_tables</Type>
    <MaxVersion>0</MaxVersion>
  </TypeVersionTuple>
  <TypeVersionTuple>
    <Type>building_chain_to_slots_tables</Type>
    <MaxVersion>0</MaxVersion>
  </TypeVersionTuple>
  <TypeVersionTuple>
    <Type>building_chains_tables</Type>
    <MaxVersion>1</MaxVersion>
  </TypeVersionTuple>
  <TypeVersionTuple>
    <Type>building_culture_gov_type_variants_tables</Type>
    <MaxVersion>0</MaxVersion>
  </TypeVersionTuple>
  <TypeVersionTuple>
    <Type>building_culture_variants_tables</Type>
    <MaxVersion>0</MaxVersion>
  </TypeVersionTuple>
  <TypeVersionTuple>
    <Type>building_description_texts_tables</Type>
    <MaxVersion>0</MaxVersion>
  </TypeVersionTuple>
  <TypeVersionTuple>
    <Type>building_effects_junction_tables</Type>
    <MaxVersion>0</MaxVersion>
  </TypeVersionTuple>
  <TypeVersionTuple>
    <Type>building_faction_variants_tables</Type>
    <MaxVersion>0</MaxVersion>
  </TypeVersionTuple>
  <TypeVersionTuple>
    <Type>building_factionwide_effects_junctions_tables</Type>
    <MaxVersion>0</MaxVersion>
  </TypeVersionTuple>
  <TypeVersionTuple>
    <Type>building_level_armed_citizenry_junctions_tables</Type>
    <MaxVersion>0</MaxVersion>
  </TypeVersionTuple>
  <TypeVersionTuple>
    <Type>building_level_required_technology_junctions_tables</Type>
    <MaxVersion>0</MaxVersion>
  </TypeVersionTuple>
  <TypeVersionTuple>
    <Type>building_levels_tables</Type>
    <MaxVersion>3</MaxVersion>
  </TypeVersionTuple>
  <TypeVersionTuple>
    <Type>building_to_unit_abilities_junctions_tables</Type>
    <MaxVersion>0</MaxVersion>
  </TypeVersionTuple>
  <TypeVersionTuple>
    <Type>building_units_allowed_tables</Type>
    <MaxVersion>2</MaxVersion>
  </TypeVersionTuple>
  <TypeVersionTuple>
    <Type>building_upgrades_junction_tables</Type>
    <MaxVersion>0</MaxVersion>
  </TypeVersionTuple>
  <TypeVersionTuple>
    <Type>cai_agent_distribution_profiles_tables</Type>
    <MaxVersion>0</MaxVersion>
  </TypeVersionTuple>
  <TypeVersionTuple>
    <Type>cai_agent_distribution_types_tables</Type>
    <MaxVersion>0</MaxVersion>
  </TypeVersionTuple>
  <TypeVersionTuple>
    <Type>cai_agent_record_to_cai_agent_type_junctions_tables</Type>
    <MaxVersion>0</MaxVersion>
  </TypeVersionTuple>
  <TypeVersionTuple>
    <Type>cai_agent_recruitment_profiles_tables</Type>
    <MaxVersion>0</MaxVersion>
  </TypeVersionTuple>
  <TypeVersionTuple>
    <Type>cai_agent_recruitment_types_tables</Type>
    <MaxVersion>0</MaxVersion>
  </TypeVersionTuple>
  <TypeVersionTuple>
    <Type>cai_agent_type_distribution_profile_junctions_tables</Type>
    <MaxVersion>0</MaxVersion>
  </TypeVersionTuple>
  <TypeVersionTuple>
    <Type>cai_agent_type_recruitment_profile_junctions_tables</Type>
    <MaxVersion>0</MaxVersion>
  </TypeVersionTuple>
  <TypeVersionTuple>
    <Type>cai_agent_types_tables</Type>
    <MaxVersion>0</MaxVersion>
  </TypeVersionTuple>
  <TypeVersionTuple>
    <Type>cai_base_building_context_values_tables</Type>
    <MaxVersion>1</MaxVersion>
  </TypeVersionTuple>
  <TypeVersionTuple>
    <Type>cai_military_aggressiveness_policies_tables</Type>
    <MaxVersion>0</MaxVersion>
  </TypeVersionTuple>
  <TypeVersionTuple>
    <Type>cai_military_behaviour_policies_tables</Type>
    <MaxVersion>0</MaxVersion>
  </TypeVersionTuple>
  <TypeVersionTuple>
    <Type>cai_personalities_budget_allocation_policy_junctions_tables</Type>
    <MaxVersion>0</MaxVersion>
  </TypeVersionTuple>
  <TypeVersionTuple>
    <Type>cai_personalities_budget_allocations_tables</Type>
    <MaxVersion>0</MaxVersion>
  </TypeVersionTuple>
  <TypeVersionTuple>
    <Type>cai_personalities_budget_context_types_tables</Type>
    <MaxVersion>0</MaxVersion>
  </TypeVersionTuple>
  <TypeVersionTuple>
    <Type>cai_personalities_budget_policies_tables</Type>
    <MaxVersion>0</MaxVersion>
  </TypeVersionTuple>
  <TypeVersionTuple>
    <Type>cai_personalities_building_synergies_tables</Type>
    <MaxVersion>0</MaxVersion>
  </TypeVersionTuple>
  <TypeVersionTuple>
    <Type>cai_personalities_building_synergy_levels_tables</Type>
    <MaxVersion>0</MaxVersion>
  </TypeVersionTuple>
  <TypeVersionTuple>
    <Type>cai_personalities_building_synergy_policies_tables</Type>
    <MaxVersion>0</MaxVersion>
  </TypeVersionTuple>
  <TypeVersionTuple>
    <Type>cai_personalities_construction_preference_policies_tables</Type>
    <MaxVersion>0</MaxVersion>
  </TypeVersionTuple>
  <TypeVersionTuple>
    <Type>cai_personalities_construction_preference_policy_building_junctions_tables</Type>
    <MaxVersion>2</MaxVersion>
  </TypeVersionTuple>
  <TypeVersionTuple>
    <Type>cai_personalities_faction_junctions_tables</Type>
    <MaxVersion>0</MaxVersion>
  </TypeVersionTuple>
  <TypeVersionTuple>
    <Type>cai_personalities_random_group_junctions_tables</Type>
    <MaxVersion>0</MaxVersion>
  </TypeVersionTuple>
  <TypeVersionTuple>
    <Type>cai_personalities_random_groups_tables</Type>
    <MaxVersion>0</MaxVersion>
  </TypeVersionTuple>
  <TypeVersionTuple>
    <Type>cai_personalities_randomisation_policies_tables</Type>
    <MaxVersion>0</MaxVersion>
  </TypeVersionTuple>
  <TypeVersionTuple>
    <Type>cai_personalities_reliability_policies_tables</Type>
    <MaxVersion>2</MaxVersion>
  </TypeVersionTuple>
  <TypeVersionTuple>
    <Type>cai_personalities_religious_conversion_policies_tables</Type>
    <MaxVersion>0</MaxVersion>
  </TypeVersionTuple>
  <TypeVersionTuple>
    <Type>cai_personalities_tables</Type>
    <MaxVersion>2</MaxVersion>
  </TypeVersionTuple>
  <TypeVersionTuple>
    <Type>campaign_ai_character_skill_tree_distribution_junctions_tables</Type>
    <MaxVersion>0</MaxVersion>
  </TypeVersionTuple>
  <TypeVersionTuple>
    <Type>campaign_ai_character_skill_tree_junctions_tables</Type>
    <MaxVersion>0</MaxVersion>
  </TypeVersionTuple>
  <TypeVersionTuple>
    <Type>campaign_ai_character_skill_tree_manager_agent_junctions_tables</Type>
    <MaxVersion>0</MaxVersion>
  </TypeVersionTuple>
  <TypeVersionTuple>
    <Type>campaign_ai_manager_behaviour_junctions_tables</Type>
    <MaxVersion>0</MaxVersion>
  </TypeVersionTuple>
  <TypeVersionTuple>
    <Type>campaign_ai_managers_tables</Type>
    <MaxVersion>0</MaxVersion>
  </TypeVersionTuple>
  <TypeVersionTuple>
    <Type>campaign_ai_personalities_tables</Type>
    <MaxVersion>0</MaxVersion>
  </TypeVersionTuple>
  <TypeVersionTuple>
    <Type>campaign_ai_personality_junctions_tables</Type>
    <MaxVersion>0</MaxVersion>
  </TypeVersionTuple>
  <TypeVersionTuple>
    <Type>campaign_ai_technology_manager_path_junctions_tables</Type>
    <MaxVersion>0</MaxVersion>
  </TypeVersionTuple>
  <TypeVersionTuple>
    <Type>campaign_ai_technology_path_junctions_tables</Type>
    <MaxVersion>0</MaxVersion>
  </TypeVersionTuple>
  <TypeVersionTuple>
    <Type>campaign_bonus_value_ids_unit_records_tables</Type>
    <MaxVersion>0</MaxVersion>
  </TypeVersionTuple>
  <TypeVersionTuple>
    <Type>campaign_character_anim_set_agent_junctions_tables</Type>
    <MaxVersion>0</MaxVersion>
  </TypeVersionTuple>
  <TypeVersionTuple>
    <Type>campaign_character_anim_sets_tables</Type>
    <MaxVersion>0</MaxVersion>
  </TypeVersionTuple>
  <TypeVersionTuple>
    <Type>campaign_character_anim_walk_anim_junctions_tables</Type>
    <MaxVersion>0</MaxVersion>
  </TypeVersionTuple>
  <TypeVersionTuple>
    <Type>campaign_character_anims_junctions_tables</Type>
    <MaxVersion>0</MaxVersion>
  </TypeVersionTuple>
  <TypeVersionTuple>
    <Type>campaign_character_art_sets_tables</Type>
    <MaxVersion>3</MaxVersion>
  </TypeVersionTuple>
  <TypeVersionTuple>
    <Type>campaign_character_arts_tables</Type>
    <MaxVersion>2</MaxVersion>
  </TypeVersionTuple>
  <TypeVersionTuple>
    <Type>campaign_clan_level_infos_tables</Type>
    <MaxVersion>1</MaxVersion>
  </TypeVersionTuple>
  <TypeVersionTuple>
    <Type>campaign_difficulty_handicap_effects_tables</Type>
    <MaxVersion>1</MaxVersion>
  </TypeVersionTuple>
  <TypeVersionTuple>
    <Type>campaign_ground_types_tables</Type>
    <MaxVersion>2</MaxVersion>
  </TypeVersionTuple>
  <TypeVersionTuple>
    <Type>campaign_map_playable_areas_tables</Type>
    <MaxVersion>0</MaxVersion>
  </TypeVersionTuple>
  <TypeVersionTuple>
    <Type>campaign_map_settlement_sprawl_descriptions_tables</Type>
    <MaxVersion>0</MaxVersion>
  </TypeVersionTuple>
  <TypeVersionTuple>
    <Type>campaign_map_settlements_tables</Type>
    <MaxVersion>0</MaxVersion>
  </TypeVersionTuple>
  <TypeVersionTuple>
    <Type>campaign_map_slots_tables</Type>
    <MaxVersion>0</MaxVersion>
  </TypeVersionTuple>
  <TypeVersionTuple>
    <Type>campaign_map_tooltips_tables</Type>
    <MaxVersion>1</MaxVersion>
  </TypeVersionTuple>
  <TypeVersionTuple>
    <Type>campaign_map_towns_and_ports_tables</Type>
    <MaxVersion>0</MaxVersion>
  </TypeVersionTuple>
  <TypeVersionTuple>
    <Type>campaign_unit_art_set_junctions_tables</Type>
    <MaxVersion>0</MaxVersion>
  </TypeVersionTuple>
  <TypeVersionTuple>
    <Type>campaign_variables_tables</Type>
    <MaxVersion>0</MaxVersion>
  </TypeVersionTuple>
  <TypeVersionTuple>
    <Type>campaign_walk_anim_sets_tables</Type>
    <MaxVersion>1</MaxVersion>
  </TypeVersionTuple>
  <TypeVersionTuple>
    <Type>campaigns_campaign_variables_junctions_tables</Type>
    <MaxVersion>2</MaxVersion>
  </TypeVersionTuple>
  <TypeVersionTuple>
    <Type>cdir_campaign_junctions_tables</Type>
    <MaxVersion>0</MaxVersion>
  </TypeVersionTuple>
  <TypeVersionTuple>
    <Type>cdir_configs_tables</Type>
    <MaxVersion>0</MaxVersion>
  </TypeVersionTuple>
  <TypeVersionTuple>
    <Type>cdir_desire_priorities_tables</Type>
    <MaxVersion>0</MaxVersion>
  </TypeVersionTuple>
  <TypeVersionTuple>
    <Type>cdir_events_dilemma_incidents_tables</Type>
    <MaxVersion>0</MaxVersion>
  </TypeVersionTuple>
  <TypeVersionTuple>
    <Type>cdir_events_dilemma_option_junctions_tables</Type>
    <MaxVersion>1</MaxVersion>
  </TypeVersionTuple>
  <TypeVersionTuple>
    <Type>cdir_events_dilemma_payloads_tables</Type>
    <MaxVersion>2</MaxVersion>
  </TypeVersionTuple>
  <TypeVersionTuple>
    <Type>cdir_events_incident_option_junctions_tables</Type>
    <MaxVersion>1</MaxVersion>
  </TypeVersionTuple>
  <TypeVersionTuple>
    <Type>cdir_events_incident_payloads_tables</Type>
    <MaxVersion>1</MaxVersion>
  </TypeVersionTuple>
  <TypeVersionTuple>
    <Type>cdir_events_mission_incidents_tables</Type>
    <MaxVersion>0</MaxVersion>
  </TypeVersionTuple>
  <TypeVersionTuple>
    <Type>cdir_events_mission_issuer_junctions_tables</Type>
    <MaxVersion>0</MaxVersion>
  </TypeVersionTuple>
  <TypeVersionTuple>
    <Type>cdir_events_mission_option_junctions_tables</Type>
    <MaxVersion>1</MaxVersion>
  </TypeVersionTuple>
  <TypeVersionTuple>
    <Type>cdir_events_mission_payloads_tables</Type>
    <MaxVersion>1</MaxVersion>
  </TypeVersionTuple>
  <TypeVersionTuple>
    <Type>cdir_events_payloads_tables</Type>
    <MaxVersion>0</MaxVersion>
  </TypeVersionTuple>
  <TypeVersionTuple>
    <Type>cdir_faction_junctions_tables</Type>
    <MaxVersion>0</MaxVersion>
  </TypeVersionTuple>
  <TypeVersionTuple>
    <Type>cdir_unit_balance_group_qualities_tables</Type>
    <MaxVersion>0</MaxVersion>
  </TypeVersionTuple>
  <TypeVersionTuple>
    <Type>cdir_unit_balance_groups_tables</Type>
    <MaxVersion>0</MaxVersion>
  </TypeVersionTuple>
  <TypeVersionTuple>
    <Type>cdir_unit_balance_template_junctions_tables</Type>
    <MaxVersion>0</MaxVersion>
  </TypeVersionTuple>
  <TypeVersionTuple>
    <Type>cdir_unit_balances_tables</Type>
    <MaxVersion>2</MaxVersion>
  </TypeVersionTuple>
  <TypeVersionTuple>
    <Type>cdir_unit_qualities_tables</Type>
    <MaxVersion>0</MaxVersion>
  </TypeVersionTuple>
  <TypeVersionTuple>
    <Type>character_experience_skill_tiers_tables</Type>
    <MaxVersion>1</MaxVersion>
  </TypeVersionTuple>
  <TypeVersionTuple>
    <Type>character_skill_level_to_effects_junctions_tables</Type>
    <MaxVersion>1</MaxVersion>
  </TypeVersionTuple>
  <TypeVersionTuple>
    <Type>character_skill_node_links_tables</Type>
    <MaxVersion>1</MaxVersion>
  </TypeVersionTuple>
  <TypeVersionTuple>
    <Type>character_skill_node_sets_tables</Type>
    <MaxVersion>0</MaxVersion>
  </TypeVersionTuple>
  <TypeVersionTuple>
    <Type>character_skill_nodes_tables</Type>
    <MaxVersion>0</MaxVersion>
  </TypeVersionTuple>
  <TypeVersionTuple>
    <Type>character_skills_tables</Type>
    <MaxVersion>1</MaxVersion>
  </TypeVersionTuple>
  <TypeVersionTuple>
    <Type>character_trait_levels_tables</Type>
    <MaxVersion>0</MaxVersion>
  </TypeVersionTuple>
  <TypeVersionTuple>
    <Type>character_traits_tables</Type>
    <MaxVersion>1</MaxVersion>
  </TypeVersionTuple>
  <TypeVersionTuple>
    <Type>climate_to_tilesets_tables</Type>
    <MaxVersion>0</MaxVersion>
  </TypeVersionTuple>
  <TypeVersionTuple>
    <Type>climates_tables</Type>
    <MaxVersion>0</MaxVersion>
  </TypeVersionTuple>
  <TypeVersionTuple>
    <Type>commodities_demand_drivers_tables</Type>
    <MaxVersion>0</MaxVersion>
  </TypeVersionTuple>
  <TypeVersionTuple>
    <Type>commodities_demand_junction_tables</Type>
    <MaxVersion>0</MaxVersion>
  </TypeVersionTuple>
  <TypeVersionTuple>
    <Type>commodities_tables</Type>
    <MaxVersion>0</MaxVersion>
  </TypeVersionTuple>
  <TypeVersionTuple>
    <Type>commodity_unit_names_tables</Type>
    <MaxVersion>0</MaxVersion>
  </TypeVersionTuple>
  <TypeVersionTuple>
    <Type>cultures_subcultures_tables</Type>
    <MaxVersion>0</MaxVersion>
  </TypeVersionTuple>
  <TypeVersionTuple>
    <Type>cultures_tables</Type>
    <MaxVersion>1</MaxVersion>
  </TypeVersionTuple>
  <TypeVersionTuple>
    <Type>cursors_tables</Type>
    <MaxVersion>0</MaxVersion>
  </TypeVersionTuple>
  <TypeVersionTuple>
    <Type>dilemmas_tables</Type>
    <MaxVersion>1</MaxVersion>
  </TypeVersionTuple>
  <TypeVersionTuple>
    <Type>diplomacy_attitudes_tables</Type>
    <MaxVersion>0</MaxVersion>
  </TypeVersionTuple>
  <TypeVersionTuple>
    <Type>diplomacy_factor_strings_tables</Type>
    <MaxVersion>0</MaxVersion>
  </TypeVersionTuple>
  <TypeVersionTuple>
    <Type>diplomacy_negotiation_faction_override_strings_tables</Type>
    <MaxVersion>1</MaxVersion>
  </TypeVersionTuple>
  <TypeVersionTuple>
    <Type>diplomacy_negotiation_religion_override_strings_tables</Type>
    <MaxVersion>0</MaxVersion>
  </TypeVersionTuple>
  <TypeVersionTuple>
    <Type>diplomacy_negotiation_string_options_tables</Type>
    <MaxVersion>0</MaxVersion>
  </TypeVersionTuple>
  <TypeVersionTuple>
    <Type>diplomacy_negotiation_strings_tables</Type>
    <MaxVersion>1</MaxVersion>
  </TypeVersionTuple>
  <TypeVersionTuple>
    <Type>diplomacy_strings_tables</Type>
    <MaxVersion>0</MaxVersion>
  </TypeVersionTuple>
  <TypeVersionTuple>
    <Type>diplomatic_relations_attitudes_tables</Type>
    <MaxVersion>0</MaxVersion>
  </TypeVersionTuple>
  <TypeVersionTuple>
    <Type>diplomatic_relations_government_type_tables</Type>
    <MaxVersion>0</MaxVersion>
  </TypeVersionTuple>
  <TypeVersionTuple>
    <Type>diplomatic_relations_religion_tables</Type>
    <MaxVersion>0</MaxVersion>
  </TypeVersionTuple>
  <TypeVersionTuple>
    <Type>effect_bonus_value_agent_junction_tables</Type>
    <MaxVersion>0</MaxVersion>
  </TypeVersionTuple>
  <TypeVersionTuple>
    <Type>effect_bonus_value_basic_junction_tables</Type>
    <MaxVersion>0</MaxVersion>
  </TypeVersionTuple>
  <TypeVersionTuple>
    <Type>effect_bonus_value_building_chain_junctions_tables</Type>
    <MaxVersion>0</MaxVersion>
  </TypeVersionTuple>
  <TypeVersionTuple>
    <Type>effect_bonus_value_commodity_junction_tables</Type>
    <MaxVersion>0</MaxVersion>
  </TypeVersionTuple>
  <TypeVersionTuple>
    <Type>effect_bonus_value_population_class_and_religion_junction_tables</Type>
    <MaxVersion>0</MaxVersion>
  </TypeVersionTuple>
  <TypeVersionTuple>
    <Type>effect_bonus_value_population_class_junction_tables</Type>
    <MaxVersion>0</MaxVersion>
  </TypeVersionTuple>
  <TypeVersionTuple>
    <Type>effect_bonus_value_projectile_junctions_tables</Type>
    <MaxVersion>0</MaxVersion>
  </TypeVersionTuple>
  <TypeVersionTuple>
    <Type>effect_bonus_value_religion_junction_tables</Type>
    <MaxVersion>0</MaxVersion>
  </TypeVersionTuple>
  <TypeVersionTuple>
    <Type>effect_bonus_value_resource_junction_tables</Type>
    <MaxVersion>0</MaxVersion>
  </TypeVersionTuple>
  <TypeVersionTuple>
    <Type>effect_bonus_value_shot_type_junctions_tables</Type>
    <MaxVersion>0</MaxVersion>
  </TypeVersionTuple>
  <TypeVersionTuple>
    <Type>effect_bonus_value_unit_ability_junctions_tables</Type>
    <MaxVersion>0</MaxVersion>
  </TypeVersionTuple>
  <TypeVersionTuple>
    <Type>effect_bonus_value_unit_caste_junctions_tables</Type>
    <MaxVersion>0</MaxVersion>
  </TypeVersionTuple>
  <TypeVersionTuple>
    <Type>effect_bonus_value_unit_category_junction_tables</Type>
    <MaxVersion>0</MaxVersion>
  </TypeVersionTuple>
  <TypeVersionTuple>
    <Type>effect_bonus_value_unit_class_junction_tables</Type>
    <MaxVersion>0</MaxVersion>
  </TypeVersionTuple>
  <TypeVersionTuple>
    <Type>effect_bonus_value_unit_record_junctions_tables</Type>
    <MaxVersion>0</MaxVersion>
  </TypeVersionTuple>
  <TypeVersionTuple>
    <Type>effect_bundles_tables</Type>
    <MaxVersion>0</MaxVersion>
  </TypeVersionTuple>
  <TypeVersionTuple>
    <Type>effect_bundles_to_effects_junctions_tables</Type>
    <MaxVersion>1</MaxVersion>
  </TypeVersionTuple>
  <TypeVersionTuple>
    <Type>effects_tables</Type>
    <MaxVersion>0</MaxVersion>
  </TypeVersionTuple>
  <TypeVersionTuple>
    <Type>empires_regions_junct_tables</Type>
    <MaxVersion>0</MaxVersion>
  </TypeVersionTuple>
  <TypeVersionTuple>
    <Type>empires_tables</Type>
    <MaxVersion>0</MaxVersion>
  </TypeVersionTuple>
  <TypeVersionTuple>
    <Type>encyclopedia_blocks_tables</Type>
    <MaxVersion>1</MaxVersion>
  </TypeVersionTuple>
  <TypeVersionTuple>
    <Type>encyclopedia_page_linkages_tables</Type>
    <MaxVersion>1</MaxVersion>
  </TypeVersionTuple>
  <TypeVersionTuple>
    <Type>encyclopedia_page_related_links_tables</Type>
    <MaxVersion>0</MaxVersion>
  </TypeVersionTuple>
  <TypeVersionTuple>
    <Type>encyclopedia_pages_tables</Type>
    <MaxVersion>0</MaxVersion>
  </TypeVersionTuple>
  <TypeVersionTuple>
    <Type>encyclopedia_template_strings_tables</Type>
    <MaxVersion>0</MaxVersion>
  </TypeVersionTuple>
  <TypeVersionTuple>
    <Type>entity_training_levels_tables</Type>
    <MaxVersion>0</MaxVersion>
  </TypeVersionTuple>
  <TypeVersionTuple>
    <Type>event_log_descriptions_tables</Type>
    <MaxVersion>2</MaxVersion>
  </TypeVersionTuple>
  <TypeVersionTuple>
    <Type>events_effect_group_junct_tables</Type>
    <MaxVersion>0</MaxVersion>
  </TypeVersionTuple>
  <TypeVersionTuple>
    <Type>events_hist_chars_junct_tables</Type>
    <MaxVersion>0</MaxVersion>
  </TypeVersionTuple>
  <TypeVersionTuple>
    <Type>events_tables</Type>
    <MaxVersion>1</MaxVersion>
  </TypeVersionTuple>
  <TypeVersionTuple>
    <Type>events_view_group_junct_tables</Type>
    <MaxVersion>0</MaxVersion>
  </TypeVersionTuple>
  <TypeVersionTuple>
    <Type>experience_triggers_tables</Type>
    <MaxVersion>0</MaxVersion>
  </TypeVersionTuple>
  <TypeVersionTuple>
    <Type>faction_banners_tables</Type>
    <MaxVersion>0</MaxVersion>
  </TypeVersionTuple>
  <TypeVersionTuple>
    <Type>faction_rebellion_units_junctions_tables</Type>
    <MaxVersion>0</MaxVersion>
  </TypeVersionTuple>
  <TypeVersionTuple>
    <Type>faction_resource_consumptions_tables</Type>
    <MaxVersion>0</MaxVersion>
  </TypeVersionTuple>
  <TypeVersionTuple>
    <Type>faction_uniform_colours_tables</Type>
    <MaxVersion>0</MaxVersion>
  </TypeVersionTuple>
  <TypeVersionTuple>
    <Type>faction_variables_optional_overrides_tables</Type>
    <MaxVersion>0</MaxVersion>
  </TypeVersionTuple>
  <TypeVersionTuple>
    <Type>faction_variables_tables</Type>
    <MaxVersion>0</MaxVersion>
  </TypeVersionTuple>
  <TypeVersionTuple>
    <Type>factions_tables</Type>
    <MaxVersion>7</MaxVersion>
  </TypeVersionTuple>
  <TypeVersionTuple>
    <Type>family_relationship_types_tables</Type>
    <MaxVersion>0</MaxVersion>
  </TypeVersionTuple>
  <TypeVersionTuple>
    <Type>famous_battle_pools_tables</Type>
    <MaxVersion>0</MaxVersion>
  </TypeVersionTuple>
  <TypeVersionTuple>
    <Type>fatigue_effects_tables</Type>
    <MaxVersion>0</MaxVersion>
  </TypeVersionTuple>
  <TypeVersionTuple>
    <Type>first_person_engines_tables</Type>
    <MaxVersion>0</MaxVersion>
  </TypeVersionTuple>
  <TypeVersionTuple>
    <Type>fort_underlay_climate_jcts_tables</Type>
    <MaxVersion>0</MaxVersion>
  </TypeVersionTuple>
  <TypeVersionTuple>
    <Type>frontend_faction_leaders_tables</Type>
    <MaxVersion>1</MaxVersion>
  </TypeVersionTuple>
  <TypeVersionTuple>
    <Type>general_command_star_level_effects_tables</Type>
    <MaxVersion>0</MaxVersion>
  </TypeVersionTuple>
  <TypeVersionTuple>
    <Type>government_types_tables</Type>
    <MaxVersion>0</MaxVersion>
  </TypeVersionTuple>
  <TypeVersionTuple>
    <Type>government_types_to_effects_tables</Type>
    <MaxVersion>0</MaxVersion>
  </TypeVersionTuple>
  <TypeVersionTuple>
    <Type>governorships_tables</Type>
    <MaxVersion>0</MaxVersion>
  </TypeVersionTuple>
  <TypeVersionTuple>
    <Type>groupings_continents_junct_tables</Type>
    <MaxVersion>0</MaxVersion>
  </TypeVersionTuple>
  <TypeVersionTuple>
    <Type>groupings_cultures_junct_tables</Type>
    <MaxVersion>0</MaxVersion>
  </TypeVersionTuple>
  <TypeVersionTuple>
    <Type>groupings_empires_junct_tables</Type>
    <MaxVersion>0</MaxVersion>
  </TypeVersionTuple>
  <TypeVersionTuple>
    <Type>groupings_factions_junct_tables</Type>
    <MaxVersion>0</MaxVersion>
  </TypeVersionTuple>
  <TypeVersionTuple>
    <Type>groupings_military_tables</Type>
    <MaxVersion>0</MaxVersion>
  </TypeVersionTuple>
  <TypeVersionTuple>
    <Type>groupings_regions_junct_tables</Type>
    <MaxVersion>0</MaxVersion>
  </TypeVersionTuple>
  <TypeVersionTuple>
    <Type>groupings_subcultures_junct_tables</Type>
    <MaxVersion>0</MaxVersion>
  </TypeVersionTuple>
  <TypeVersionTuple>
    <Type>groupings_tables</Type>
    <MaxVersion>0</MaxVersion>
  </TypeVersionTuple>
  <TypeVersionTuple>
    <Type>gun_type_to_projectiles_tables</Type>
    <MaxVersion>1</MaxVersion>
  </TypeVersionTuple>
  <TypeVersionTuple>
    <Type>gun_types_tables</Type>
    <MaxVersion>0</MaxVersion>
  </TypeVersionTuple>
  <TypeVersionTuple>
    <Type>historical_character_traits_tables</Type>
    <MaxVersion>0</MaxVersion>
  </TypeVersionTuple>
  <TypeVersionTuple>
    <Type>historical_characters_tables</Type>
    <MaxVersion>3</MaxVersion>
  </TypeVersionTuple>
  <TypeVersionTuple>
    <Type>honour_effects_tables</Type>
    <MaxVersion>0</MaxVersion>
  </TypeVersionTuple>
  <TypeVersionTuple>
    <Type>honour_factors_tables</Type>
    <MaxVersion>0</MaxVersion>
  </TypeVersionTuple>
  <TypeVersionTuple>
    <Type>incident_heading_texts_tables</Type>
    <MaxVersion>0</MaxVersion>
  </TypeVersionTuple>
  <TypeVersionTuple>
    <Type>incidents_tables</Type>
    <MaxVersion>3</MaxVersion>
  </TypeVersionTuple>
  <TypeVersionTuple>
    <Type>loading_screens_tables</Type>
    <MaxVersion>0</MaxVersion>
  </TypeVersionTuple>
  <TypeVersionTuple>
    <Type>loyalty_effects_tables</Type>
    <MaxVersion>0</MaxVersion>
  </TypeVersionTuple>
  <TypeVersionTuple>
    <Type>loyalty_factors_tables</Type>
    <MaxVersion>0</MaxVersion>
  </TypeVersionTuple>
  <TypeVersionTuple>
    <Type>message_event_strings_tables</Type>
    <MaxVersion>1</MaxVersion>
  </TypeVersionTuple>
  <TypeVersionTuple>
    <Type>ministerial_effectiveness_modifiers_tables</Type>
    <MaxVersion>0</MaxVersion>
  </TypeVersionTuple>
  <TypeVersionTuple>
    <Type>ministerial_position_default_names_tables</Type>
    <MaxVersion>0</MaxVersion>
  </TypeVersionTuple>
  <TypeVersionTuple>
    <Type>ministerial_positions_by_gov_types_tables</Type>
    <MaxVersion>2</MaxVersion>
  </TypeVersionTuple>
  <TypeVersionTuple>
    <Type>ministerial_positions_switching_loyalty_effects_tables</Type>
    <MaxVersion>0</MaxVersion>
  </TypeVersionTuple>
  <TypeVersionTuple>
    <Type>ministerial_positions_tables</Type>
    <MaxVersion>0</MaxVersion>
  </TypeVersionTuple>
  <TypeVersionTuple>
    <Type>ministerial_positions_to_character_effects_tables</Type>
    <MaxVersion>0</MaxVersion>
  </TypeVersionTuple>
  <TypeVersionTuple>
    <Type>ministerial_positions_to_effects_tables</Type>
    <MaxVersion>0</MaxVersion>
  </TypeVersionTuple>
  <TypeVersionTuple>
    <Type>ministerial_positions_to_governorships_tables</Type>
    <MaxVersion>0</MaxVersion>
  </TypeVersionTuple>
  <TypeVersionTuple>
    <Type>mission_issuers_tables</Type>
    <MaxVersion>0</MaxVersion>
  </TypeVersionTuple>
  <TypeVersionTuple>
    <Type>missions_tables</Type>
    <MaxVersion>1</MaxVersion>
  </TypeVersionTuple>
  <TypeVersionTuple>
    <Type>models_artillery_tables</Type>
    <MaxVersion>0</MaxVersion>
  </TypeVersionTuple>
  <TypeVersionTuple>
    <Type>models_building_tables</Type>
    <MaxVersion>0</MaxVersion>
  </TypeVersionTuple>
  <TypeVersionTuple>
    <Type>models_naval_tables</Type>
    <MaxVersion>6</MaxVersion>
  </TypeVersionTuple>
  <TypeVersionTuple>
    <Type>mount_variants_tables</Type>
    <MaxVersion>0</MaxVersion>
  </TypeVersionTuple>
  <TypeVersionTuple>
    <Type>mounts_tables</Type>
    <MaxVersion>0</MaxVersion>
  </TypeVersionTuple>
  <TypeVersionTuple>
    <Type>movie_event_strings_tables</Type>
    <MaxVersion>0</MaxVersion>
  </TypeVersionTuple>
  <TypeVersionTuple>
    <Type>mp_budgets_tables</Type>
    <MaxVersion>0</MaxVersion>
  </TypeVersionTuple>
  <TypeVersionTuple>
    <Type>mp_force_gen_army_sizes_by_budgets_tables</Type>
    <MaxVersion>0</MaxVersion>
  </TypeVersionTuple>
  <TypeVersionTuple>
    <Type>mp_force_gen_template_junctions_tables</Type>
    <MaxVersion>0</MaxVersion>
  </TypeVersionTuple>
  <TypeVersionTuple>
    <Type>mp_force_gen_upgrade_junctions_tables</Type>
    <MaxVersion>0</MaxVersion>
  </TypeVersionTuple>
  <TypeVersionTuple>
    <Type>mp_force_gen_upgrade_probabilities_tables</Type>
    <MaxVersion>0</MaxVersion>
  </TypeVersionTuple>
  <TypeVersionTuple>
    <Type>mp_general_command_ratings_tables</Type>
    <MaxVersion>0</MaxVersion>
  </TypeVersionTuple>
  <TypeVersionTuple>
    <Type>multiplayer_faction_descriptions_tables</Type>
    <MaxVersion>0</MaxVersion>
  </TypeVersionTuple>
  <TypeVersionTuple>
    <Type>multiplayer_mininum_length_funds_tables</Type>
    <MaxVersion>0</MaxVersion>
  </TypeVersionTuple>
  <TypeVersionTuple>
    <Type>names_forts_tables</Type>
    <MaxVersion>0</MaxVersion>
  </TypeVersionTuple>
  <TypeVersionTuple>
    <Type>names_groups_tables</Type>
    <MaxVersion>0</MaxVersion>
  </TypeVersionTuple>
  <TypeVersionTuple>
    <Type>names_royalty_tables</Type>
    <MaxVersion>1</MaxVersion>
  </TypeVersionTuple>
  <TypeVersionTuple>
    <Type>names_tables</Type>
    <MaxVersion>0</MaxVersion>
  </TypeVersionTuple>
  <TypeVersionTuple>
    <Type>naval_uniforms_tables</Type>
    <MaxVersion>2</MaxVersion>
  </TypeVersionTuple>
  <TypeVersionTuple>
    <Type>particle_effects_tables</Type>
    <MaxVersion>0</MaxVersion>
  </TypeVersionTuple>
  <TypeVersionTuple>
    <Type>pdlc_tables</Type>
    <MaxVersion>3</MaxVersion>
  </TypeVersionTuple>
  <TypeVersionTuple>
    <Type>population_classes_tables</Type>
    <MaxVersion>0</MaxVersion>
  </TypeVersionTuple>
  <TypeVersionTuple>
    <Type>pre_battle_speeches_tables</Type>
    <MaxVersion>2</MaxVersion>
  </TypeVersionTuple>
  <TypeVersionTuple>
    <Type>projectile_impacts_tables</Type>
    <MaxVersion>0</MaxVersion>
  </TypeVersionTuple>
  <TypeVersionTuple>
    <Type>projectile_shot_type_enum_tables</Type>
    <MaxVersion>0</MaxVersion>
  </TypeVersionTuple>
  <TypeVersionTuple>
    <Type>projectile_trails_tables</Type>
    <MaxVersion>0</MaxVersion>
  </TypeVersionTuple>
  <TypeVersionTuple>
    <Type>projectiles_explosions_tables</Type>
    <MaxVersion>1</MaxVersion>
  </TypeVersionTuple>
  <TypeVersionTuple>
    <Type>projectiles_missile_type_enum_tables</Type>
    <MaxVersion>0</MaxVersion>
  </TypeVersionTuple>
  <TypeVersionTuple>
    <Type>projectiles_tables</Type>
    <MaxVersion>5</MaxVersion>
  </TypeVersionTuple>
  <TypeVersionTuple>
    <Type>public_order_factors_tables</Type>
    <MaxVersion>1</MaxVersion>
  </TypeVersionTuple>
  <TypeVersionTuple>
    <Type>quotes_people_tables</Type>
    <MaxVersion>0</MaxVersion>
  </TypeVersionTuple>
  <TypeVersionTuple>
    <Type>quotes_tables</Type>
    <MaxVersion>0</MaxVersion>
  </TypeVersionTuple>
  <TypeVersionTuple>
    <Type>random_localisation_strings_tables</Type>
    <MaxVersion>0</MaxVersion>
  </TypeVersionTuple>
  <TypeVersionTuple>
    <Type>region_economics_factors_tables</Type>
    <MaxVersion>0</MaxVersion>
  </TypeVersionTuple>
  <TypeVersionTuple>
    <Type>region_groups_tables</Type>
    <MaxVersion>1</MaxVersion>
  </TypeVersionTuple>
  <TypeVersionTuple>
    <Type>region_unit_resources_tables</Type>
    <MaxVersion>0</MaxVersion>
  </TypeVersionTuple>
  <TypeVersionTuple>
    <Type>regions_continents_tables</Type>
    <MaxVersion>0</MaxVersion>
  </TypeVersionTuple>
  <TypeVersionTuple>
    <Type>regions_tables</Type>
    <MaxVersion>1</MaxVersion>
  </TypeVersionTuple>
  <TypeVersionTuple>
    <Type>regions_to_region_groups_junctions_tables</Type>
    <MaxVersion>0</MaxVersion>
  </TypeVersionTuple>
  <TypeVersionTuple>
    <Type>religion_conversion_mods_tables</Type>
    <MaxVersion>0</MaxVersion>
  </TypeVersionTuple>
  <TypeVersionTuple>
    <Type>religions_tables</Type>
    <MaxVersion>0</MaxVersion>
  </TypeVersionTuple>
  <TypeVersionTuple>
    <Type>resource_effects_tables</Type>
    <MaxVersion>0</MaxVersion>
  </TypeVersionTuple>
  <TypeVersionTuple>
    <Type>resources_tables</Type>
    <MaxVersion>1</MaxVersion>
  </TypeVersionTuple>
  <TypeVersionTuple>
    <Type>sea_climate_details_tables</Type>
    <MaxVersion>0</MaxVersion>
  </TypeVersionTuple>
  <TypeVersionTuple>
    <Type>sea_surfaces_tables</Type>
    <MaxVersion>0</MaxVersion>
  </TypeVersionTuple>
  <TypeVersionTuple>
    <Type>seasons_tables</Type>
    <MaxVersion>0</MaxVersion>
  </TypeVersionTuple>
  <TypeVersionTuple>
    <Type>ship_names_tables</Type>
    <MaxVersion>0</MaxVersion>
  </TypeVersionTuple>
  <TypeVersionTuple>
    <Type>slots_art_tables</Type>
    <MaxVersion>0</MaxVersion>
  </TypeVersionTuple>
  <TypeVersionTuple>
    <Type>slots_gdp_values_tables</Type>
    <MaxVersion>0</MaxVersion>
  </TypeVersionTuple>
  <TypeVersionTuple>
    <Type>slots_tables</Type>
    <MaxVersion>1</MaxVersion>
  </TypeVersionTuple>
  <TypeVersionTuple>
    <Type>slots_templates_models_tables</Type>
    <MaxVersion>0</MaxVersion>
  </TypeVersionTuple>
  <TypeVersionTuple>
    <Type>small_vegetation_climates_jct_tables</Type>
    <MaxVersion>0</MaxVersion>
  </TypeVersionTuple>
  <TypeVersionTuple>
    <Type>sound_events_tables</Type>
    <MaxVersion>0</MaxVersion>
  </TypeVersionTuple>
  <TypeVersionTuple>
    <Type>stances_tables</Type>
    <MaxVersion>0</MaxVersion>
  </TypeVersionTuple>
  <TypeVersionTuple>
    <Type>start_pos_faction_effect_bundles_tables</Type>
    <MaxVersion>0</MaxVersion>
  </TypeVersionTuple>
  <TypeVersionTuple>
    <Type>start_pos_family_relationships_tables</Type>
    <MaxVersion>0</MaxVersion>
  </TypeVersionTuple>
  <TypeVersionTuple>
    <Type>state_gift_values_tables</Type>
    <MaxVersion>0</MaxVersion>
  </TypeVersionTuple>
  <TypeVersionTuple>
    <Type>stats_clans_tables</Type>
    <MaxVersion>2</MaxVersion>
  </TypeVersionTuple>
  <TypeVersionTuple>
    <Type>stats_tables</Type>
    <MaxVersion>2</MaxVersion>
  </TypeVersionTuple>
  <TypeVersionTuple>
    <Type>subtitles_tables</Type>
    <MaxVersion>0</MaxVersion>
  </TypeVersionTuple>
  <TypeVersionTuple>
    <Type>taxes_classes_tables</Type>
    <MaxVersion>0</MaxVersion>
  </TypeVersionTuple>
  <TypeVersionTuple>
    <Type>taxes_effects_jct_tables</Type>
    <MaxVersion>1</MaxVersion>
  </TypeVersionTuple>
  <TypeVersionTuple>
    <Type>taxes_keys_tables</Type>
    <MaxVersion>0</MaxVersion>
  </TypeVersionTuple>
  <TypeVersionTuple>
    <Type>taxes_levels_tables</Type>
    <MaxVersion>0</MaxVersion>
  </TypeVersionTuple>
  <TypeVersionTuple>
    <Type>technologies_tables</Type>
    <MaxVersion>2</MaxVersion>
  </TypeVersionTuple>
  <TypeVersionTuple>
    <Type>technology_categories_tables</Type>
    <MaxVersion>1</MaxVersion>
  </TypeVersionTuple>
  <TypeVersionTuple>
    <Type>technology_effects_junction_tables</Type>
    <MaxVersion>0</MaxVersion>
  </TypeVersionTuple>
  <TypeVersionTuple>
    <Type>technology_faction_junctions_tables</Type>
    <MaxVersion>0</MaxVersion>
  </TypeVersionTuple>
  <TypeVersionTuple>
    <Type>technology_node_links_tables</Type>
    <MaxVersion>1</MaxVersion>
  </TypeVersionTuple>
  <TypeVersionTuple>
    <Type>technology_node_sets_tables</Type>
    <MaxVersion>0</MaxVersion>
  </TypeVersionTuple>
  <TypeVersionTuple>
    <Type>technology_nodes_tables</Type>
    <MaxVersion>0</MaxVersion>
  </TypeVersionTuple>
  <TypeVersionTuple>
    <Type>technology_required_building_levels_junctions_tables</Type>
    <MaxVersion>0</MaxVersion>
  </TypeVersionTuple>
  <TypeVersionTuple>
    <Type>technology_required_technology_junctions_tables</Type>
    <MaxVersion>0</MaxVersion>
  </TypeVersionTuple>
  <TypeVersionTuple>
    <Type>terrain_tilesets_tables</Type>
    <MaxVersion>0</MaxVersion>
  </TypeVersionTuple>
  <TypeVersionTuple>
    <Type>town_wealth_growth_factors_tables</Type>
    <MaxVersion>0</MaxVersion>
  </TypeVersionTuple>
  <TypeVersionTuple>
    <Type>trade_details_tables</Type>
    <MaxVersion>0</MaxVersion>
  </TypeVersionTuple>
  <TypeVersionTuple>
    <Type>trade_node_groups_tables</Type>
    <MaxVersion>0</MaxVersion>
  </TypeVersionTuple>
  <TypeVersionTuple>
    <Type>trade_nodes_tables</Type>
    <MaxVersion>1</MaxVersion>
  </TypeVersionTuple>
  <TypeVersionTuple>
    <Type>trait_attribute_effects_tables</Type>
    <MaxVersion>0</MaxVersion>
  </TypeVersionTuple>
  <TypeVersionTuple>
    <Type>trait_categories_tables</Type>
    <MaxVersion>0</MaxVersion>
  </TypeVersionTuple>
  <TypeVersionTuple>
    <Type>trait_info_tables</Type>
    <MaxVersion>0</MaxVersion>
  </TypeVersionTuple>
  <TypeVersionTuple>
    <Type>trait_level_effects_tables</Type>
    <MaxVersion>0</MaxVersion>
  </TypeVersionTuple>
  <TypeVersionTuple>
    <Type>trait_to_antitraits_tables</Type>
    <MaxVersion>0</MaxVersion>
  </TypeVersionTuple>
  <TypeVersionTuple>
    <Type>trait_to_included_agents_tables</Type>
    <MaxVersion>0</MaxVersion>
  </TypeVersionTuple>
  <TypeVersionTuple>
    <Type>trees_tables</Type>
    <MaxVersion>0</MaxVersion>
  </TypeVersionTuple>
  <TypeVersionTuple>
    <Type>trigger_effects_tables</Type>
    <MaxVersion>0</MaxVersion>
  </TypeVersionTuple>
  <TypeVersionTuple>
    <Type>trigger_event_to_excluded_agent_types_tables</Type>
    <MaxVersion>0</MaxVersion>
  </TypeVersionTuple>
  <TypeVersionTuple>
    <Type>trigger_events_tables</Type>
    <MaxVersion>0</MaxVersion>
  </TypeVersionTuple>
  <TypeVersionTuple>
    <Type>ui_unit_stat_to_classes_tables</Type>
    <MaxVersion>2</MaxVersion>
  </TypeVersionTuple>
  <TypeVersionTuple>
    <Type>ui_unit_stats_tables</Type>
    <MaxVersion>3</MaxVersion>
  </TypeVersionTuple>
  <TypeVersionTuple>
    <Type>uniform_naval_to_faction_colours_tables</Type>
    <MaxVersion>2</MaxVersion>
  </TypeVersionTuple>
  <TypeVersionTuple>
    <Type>uniform_to_faction_colours_tables</Type>
    <MaxVersion>2</MaxVersion>
  </TypeVersionTuple>
  <TypeVersionTuple>
    <Type>uniforms_tables</Type>
    <MaxVersion>3</MaxVersion>
  </TypeVersionTuple>
  <TypeVersionTuple>
    <Type>unit_abilities_tables</Type>
    <MaxVersion>1</MaxVersion>
  </TypeVersionTuple>
  <TypeVersionTuple>
    <Type>unit_castes_tables</Type>
    <MaxVersion>1</MaxVersion>
  </TypeVersionTuple>
  <TypeVersionTuple>
    <Type>unit_category_tables</Type>
    <MaxVersion>2</MaxVersion>
  </TypeVersionTuple>
  <TypeVersionTuple>
    <Type>unit_class_tables</Type>
    <MaxVersion>0</MaxVersion>
  </TypeVersionTuple>
  <TypeVersionTuple>
    <Type>unit_class_to_population_class_priorities_tables</Type>
    <MaxVersion>0</MaxVersion>
  </TypeVersionTuple>
  <TypeVersionTuple>
    <Type>unit_class_to_unit_ability_junctions_tables</Type>
    <MaxVersion>0</MaxVersion>
  </TypeVersionTuple>
  <TypeVersionTuple>
    <Type>unit_experience_threshold_modifiers_tables</Type>
    <MaxVersion>0</MaxVersion>
  </TypeVersionTuple>
  <TypeVersionTuple>
    <Type>unit_experience_thresholds_tables</Type>
    <MaxVersion>0</MaxVersion>
  </TypeVersionTuple>
  <TypeVersionTuple>
    <Type>unit_info_card_abilities_strings_tables</Type>
    <MaxVersion>1</MaxVersion>
  </TypeVersionTuple>
  <TypeVersionTuple>
    <Type>unit_movement_modifiers_tables</Type>
    <MaxVersion>0</MaxVersion>
  </TypeVersionTuple>
  <TypeVersionTuple>
    <Type>unit_regiment_names_tables</Type>
    <MaxVersion>0</MaxVersion>
  </TypeVersionTuple>
  <TypeVersionTuple>
    <Type>unit_required_technology_junctions_tables</Type>
    <MaxVersion>0</MaxVersion>
  </TypeVersionTuple>
  <TypeVersionTuple>
    <Type>unit_special_abilities_tables</Type>
    <MaxVersion>6</MaxVersion>
  </TypeVersionTuple>
  <TypeVersionTuple>
    <Type>unit_stats_land_experience_bonuses_tables</Type>
    <MaxVersion>0</MaxVersion>
  </TypeVersionTuple>
  <TypeVersionTuple>
    <Type>unit_stats_land_tables</Type>
    <MaxVersion>16</MaxVersion>
  </TypeVersionTuple>
  <TypeVersionTuple>
    <Type>unit_stats_naval_crew_tables</Type>
    <MaxVersion>2</MaxVersion>
  </TypeVersionTuple>
  <TypeVersionTuple>
    <Type>unit_stats_naval_crew_to_factions_tables</Type>
    <MaxVersion>0</MaxVersion>
  </TypeVersionTuple>
  <TypeVersionTuple>
    <Type>unit_stats_naval_crew_to_ship_categories_tables</Type>
    <MaxVersion>1</MaxVersion>
  </TypeVersionTuple>
  <TypeVersionTuple>
    <Type>unit_stats_naval_experience_bonuses_tables</Type>
    <MaxVersion>1</MaxVersion>
  </TypeVersionTuple>
  <TypeVersionTuple>
    <Type>unit_stats_naval_tables</Type>
    <MaxVersion>16</MaxVersion>
  </TypeVersionTuple>
  <TypeVersionTuple>
    <Type>unit_to_unit_abilities_junctions_tables</Type>
    <MaxVersion>0</MaxVersion>
  </TypeVersionTuple>
  <TypeVersionTuple>
    <Type>unit_voice_categories_tables</Type>
    <MaxVersion>0</MaxVersion>
  </TypeVersionTuple>
  <TypeVersionTuple>
    <Type>unit_voice_events_junctions_tables</Type>
    <MaxVersion>0</MaxVersion>
  </TypeVersionTuple>
  <TypeVersionTuple>
    <Type>units_tables</Type>
    <MaxVersion>13</MaxVersion>
  </TypeVersionTuple>
  <TypeVersionTuple>
    <Type>units_to_exclusive_faction_permissions_tables</Type>
    <MaxVersion>0</MaxVersion>
  </TypeVersionTuple>
  <TypeVersionTuple>
    <Type>units_to_gov_type_permissions_tables</Type>
    <MaxVersion>0</MaxVersion>
  </TypeVersionTuple>
  <TypeVersionTuple>
    <Type>units_to_gov_types_conversion_jcts_tables</Type>
    <MaxVersion>0</MaxVersion>
  </TypeVersionTuple>
  <TypeVersionTuple>
    <Type>units_to_groupings_military_permissions_tables</Type>
    <MaxVersion>0</MaxVersion>
  </TypeVersionTuple>
  <TypeVersionTuple>
    <Type>unrest_cause_to_demands_tables</Type>
    <MaxVersion>0</MaxVersion>
  </TypeVersionTuple>
  <TypeVersionTuple>
    <Type>videos_subtitles_junctions_tables</Type>
    <MaxVersion>0</MaxVersion>
  </TypeVersionTuple>
  <TypeVersionTuple>
    <Type>videos_tables</Type>
    <MaxVersion>1</MaxVersion>
  </TypeVersionTuple>
  <TypeVersionTuple>
    <Type>voice_events_tables</Type>
    <MaxVersion>0</MaxVersion>
  </TypeVersionTuple>
  <TypeVersionTuple>
    <Type>voice_types_tables</Type>
    <MaxVersion>0</MaxVersion>
  </TypeVersionTuple>
  <TypeVersionTuple>
    <Type>warscape_animated_lod_tables</Type>
    <MaxVersion>0</MaxVersion>
  </TypeVersionTuple>
  <TypeVersionTuple>
    <Type>warscape_animated_tables</Type>
    <MaxVersion>0</MaxVersion>
  </TypeVersionTuple>
  <TypeVersionTuple>
    <Type>warscape_equipment_items_tables</Type>
    <MaxVersion>0</MaxVersion>
  </TypeVersionTuple>
  <TypeVersionTuple>
    <Type>warscape_equipment_themes_tables</Type>
    <MaxVersion>1</MaxVersion>
  </TypeVersionTuple>
  <TypeVersionTuple>
    <Type>warscape_rigid_lod_range_tables</Type>
    <MaxVersion>0</MaxVersion>
  </TypeVersionTuple>
  <TypeVersionTuple>
    <Type>warscape_rigid_lod_tables</Type>
    <MaxVersion>0</MaxVersion>
  </TypeVersionTuple>
  <TypeVersionTuple>
    <Type>warscape_rigid_tables</Type>
    <MaxVersion>0</MaxVersion>
  </TypeVersionTuple>
  <TypeVersionTuple>
    <Type>warscape_trees_tables</Type>
    <MaxVersion>0</MaxVersion>
  </TypeVersionTuple>
  <TypeVersionTuple>
    <Type>warscape_underlay_textures_tables</Type>
    <MaxVersion>0</MaxVersion>
  </TypeVersionTuple>
  <TypeVersionTuple>
    <Type>wind_levels_tables</Type>
    <MaxVersion>0</MaxVersion>
  </TypeVersionTuple>
</ArrayOfTypeVersionTuple>