<?xml version="1.0"?>
<ArrayOfTypeVersionTuple xmlns:xsd="http://www.w3.org/2001/XMLSchema" xmlns:xsi="http://www.w3.org/2001/XMLSchema-instance">
  <TypeVersionTuple>
    <Type>_kv_experience_bonuses_tables</Type>
    <MaxVersion>0</MaxVersion>
  </TypeVersionTuple>
  <TypeVersionTuple>
    <Type>_kv_fatigue_tables</Type>
    <MaxVersion>0</MaxVersion>
  </TypeVersionTuple>
  <TypeVersionTuple>
    <Type>_kv_key_buildings_tables</Type>
    <MaxVersion>0</MaxVersion>
  </TypeVersionTuple>
  <TypeVersionTuple>
    <Type>_kv_morale_tables</Type>
    <MaxVersion>0</MaxVersion>
  </TypeVersionTuple>
  <TypeVersionTuple>
    <Type>_kv_naval_morale_tables</Type>
    <MaxVersion>0</MaxVersion>
  </TypeVersionTuple>
  <TypeVersionTuple>
    <Type>_kv_rules_tables</Type>
    <MaxVersion>0</MaxVersion>
  </TypeVersionTuple>
  <TypeVersionTuple>
    <Type>abilities_tables</Type>
    <MaxVersion>1</MaxVersion>
  </TypeVersionTuple>
  <TypeVersionTuple>
    <Type>achievements_tables</Type>
    <MaxVersion>2</MaxVersion>
  </TypeVersionTuple>
  <TypeVersionTuple>
    <Type>action_results_additional_outcomes_tables</Type>
    <MaxVersion>2</MaxVersion>
  </TypeVersionTuple>
  <TypeVersionTuple>
    <Type>action_results_tables</Type>
    <MaxVersion>0</MaxVersion>
  </TypeVersionTuple>
  <TypeVersionTuple>
    <Type>advice_info_texts_tables</Type>
    <MaxVersion>2</MaxVersion>
  </TypeVersionTuple>
  <TypeVersionTuple>
    <Type>advice_levels_tables</Type>
    <MaxVersion>3</MaxVersion>
  </TypeVersionTuple>
  <TypeVersionTuple>
    <Type>advice_threads_tables</Type>
    <MaxVersion>0</MaxVersion>
  </TypeVersionTuple>
  <TypeVersionTuple>
    <Type>advisors_tables</Type>
    <MaxVersion>1</MaxVersion>
  </TypeVersionTuple>
  <TypeVersionTuple>
    <Type>agent_action_message_events_tables</Type>
    <MaxVersion>0</MaxVersion>
  </TypeVersionTuple>
  <TypeVersionTuple>
    <Type>agent_actions_tables</Type>
    <MaxVersion>3</MaxVersion>
  </TypeVersionTuple>
  <TypeVersionTuple>
    <Type>agent_attributes_tables</Type>
    <MaxVersion>1</MaxVersion>
  </TypeVersionTuple>
  <TypeVersionTuple>
    <Type>agent_culture_details_tables</Type>
    <MaxVersion>5</MaxVersion>
  </TypeVersionTuple>
  <TypeVersionTuple>
    <Type>agent_localisations_tables</Type>
    <MaxVersion>0</MaxVersion>
  </TypeVersionTuple>
  <TypeVersionTuple>
    <Type>agent_string_faction_overrides_tables</Type>
    <MaxVersion>1</MaxVersion>
  </TypeVersionTuple>
  <TypeVersionTuple>
    <Type>agent_string_subculture_overrides_tables</Type>
    <MaxVersion>1</MaxVersion>
  </TypeVersionTuple>
  <TypeVersionTuple>
    <Type>agent_subculture_gender_overrides_tables</Type>
    <MaxVersion>0</MaxVersion>
  </TypeVersionTuple>
  <TypeVersionTuple>
    <Type>agent_to_agent_abilities_tables</Type>
    <MaxVersion>3</MaxVersion>
  </TypeVersionTuple>
  <TypeVersionTuple>
    <Type>agent_to_agent_attributes_tables</Type>
    <MaxVersion>2</MaxVersion>
  </TypeVersionTuple>
  <TypeVersionTuple>
    <Type>agent_uniform_colours_tables</Type>
    <MaxVersion>1</MaxVersion>
  </TypeVersionTuple>
  <TypeVersionTuple>
    <Type>agent_uniforms_tables</Type>
    <MaxVersion>6</MaxVersion>
  </TypeVersionTuple>
  <TypeVersionTuple>
    <Type>agent_voice_events_junctions_tables</Type>
    <MaxVersion>0</MaxVersion>
  </TypeVersionTuple>
  <TypeVersionTuple>
    <Type>agents_tables</Type>
    <MaxVersion>8</MaxVersion>
  </TypeVersionTuple>
  <TypeVersionTuple>
    <Type>aide_de_camp_speeches_tables</Type>
    <MaxVersion>6</MaxVersion>
  </TypeVersionTuple>
  <TypeVersionTuple>
    <Type>ancillaries_tables</Type>
    <MaxVersion>7</MaxVersion>
  </TypeVersionTuple>
  <TypeVersionTuple>
    <Type>ancillary_included_subcultures_tables</Type>
    <MaxVersion>0</MaxVersion>
  </TypeVersionTuple>
  <TypeVersionTuple>
    <Type>ancillary_info_tables</Type>
    <MaxVersion>0</MaxVersion>
  </TypeVersionTuple>
  <TypeVersionTuple>
    <Type>ancillary_to_attribute_effects_tables</Type>
    <MaxVersion>0</MaxVersion>
  </TypeVersionTuple>
  <TypeVersionTuple>
    <Type>ancillary_to_effects_tables</Type>
    <MaxVersion>0</MaxVersion>
  </TypeVersionTuple>
  <TypeVersionTuple>
    <Type>ancillary_to_excluded_ancillaries_tables</Type>
    <MaxVersion>0</MaxVersion>
  </TypeVersionTuple>
  <TypeVersionTuple>
    <Type>ancillary_to_included_agents_tables</Type>
    <MaxVersion>0</MaxVersion>
  </TypeVersionTuple>
  <TypeVersionTuple>
    <Type>ancillary_types_tables</Type>
    <MaxVersion>0</MaxVersion>
  </TypeVersionTuple>
  <TypeVersionTuple>
    <Type>anim_reference_poses_tables</Type>
    <MaxVersion>0</MaxVersion>
  </TypeVersionTuple>
  <TypeVersionTuple>
    <Type>animals_tables</Type>
    <MaxVersion>0</MaxVersion>
  </TypeVersionTuple>
  <TypeVersionTuple>
    <Type>armed_citizenry_unit_groups_tables</Type>
    <MaxVersion>0</MaxVersion>
  </TypeVersionTuple>
  <TypeVersionTuple>
    <Type>armed_citizenry_units_to_unit_groups_junctions_tables</Type>
    <MaxVersion>0</MaxVersion>
  </TypeVersionTuple>
  <TypeVersionTuple>
    <Type>audio_campaign_building_enums_tables</Type>
    <MaxVersion>0</MaxVersion>
  </TypeVersionTuple>
  <TypeVersionTuple>
    <Type>audio_projectiles_tables</Type>
    <MaxVersion>1</MaxVersion>
  </TypeVersionTuple>
  <TypeVersionTuple>
    <Type>battle_autoresolver_balances_tables</Type>
    <MaxVersion>0</MaxVersion>
  </TypeVersionTuple>
  <TypeVersionTuple>
    <Type>battle_bridge_subculture_jcts_tables</Type>
    <MaxVersion>0</MaxVersion>
  </TypeVersionTuple>
  <TypeVersionTuple>
    <Type>battle_cameras_tables</Type>
    <MaxVersion>1</MaxVersion>
  </TypeVersionTuple>
  <TypeVersionTuple>
    <Type>battle_cinematic_event_categories_tables</Type>
    <MaxVersion>0</MaxVersion>
  </TypeVersionTuple>
  <TypeVersionTuple>
    <Type>battle_cinematic_events_tables</Type>
    <MaxVersion>3</MaxVersion>
  </TypeVersionTuple>
  <TypeVersionTuple>
    <Type>battle_cities_tables</Type>
    <MaxVersion>0</MaxVersion>
  </TypeVersionTuple>
  <TypeVersionTuple>
    <Type>battle_city_buildings_tables</Type>
    <MaxVersion>0</MaxVersion>
  </TypeVersionTuple>
  <TypeVersionTuple>
    <Type>battle_city_subculture_jct_tables</Type>
    <MaxVersion>0</MaxVersion>
  </TypeVersionTuple>
  <TypeVersionTuple>
    <Type>battle_climate_weather_descriptions_tables</Type>
    <MaxVersion>1</MaxVersion>
  </TypeVersionTuple>
  <TypeVersionTuple>
    <Type>battle_difficulty_modifiers_tables</Type>
    <MaxVersion>1</MaxVersion>
  </TypeVersionTuple>
  <TypeVersionTuple>
    <Type>battle_entities_tables</Type>
    <MaxVersion>5</MaxVersion>
  </TypeVersionTuple>
  <TypeVersionTuple>
    <Type>battle_entity_effects_tables</Type>
    <MaxVersion>0</MaxVersion>
  </TypeVersionTuple>
  <TypeVersionTuple>
    <Type>battle_misc_effects_tables</Type>
    <MaxVersion>0</MaxVersion>
  </TypeVersionTuple>
  <TypeVersionTuple>
    <Type>battle_personalities_tables</Type>
    <MaxVersion>3</MaxVersion>
  </TypeVersionTuple>
  <TypeVersionTuple>
    <Type>battle_sequences_tables</Type>
    <MaxVersion>0</MaxVersion>
  </TypeVersionTuple>
  <TypeVersionTuple>
    <Type>battle_siege_vehicle_permissions_tables</Type>
    <MaxVersion>0</MaxVersion>
  </TypeVersionTuple>
  <TypeVersionTuple>
    <Type>battle_skeletons_tables</Type>
    <MaxVersion>1</MaxVersion>
  </TypeVersionTuple>
  <TypeVersionTuple>
    <Type>battle_sky_types_tables</Type>
    <MaxVersion>0</MaxVersion>
  </TypeVersionTuple>
  <TypeVersionTuple>
    <Type>battle_terrain_farms_tables</Type>
    <MaxVersion>0</MaxVersion>
  </TypeVersionTuple>
  <TypeVersionTuple>
    <Type>battle_type_faction_presets_tables</Type>
    <MaxVersion>1</MaxVersion>
  </TypeVersionTuple>
  <TypeVersionTuple>
    <Type>battle_type_setup_limits_tables</Type>
    <MaxVersion>1</MaxVersion>
  </TypeVersionTuple>
  <TypeVersionTuple>
    <Type>battle_types_tables</Type>
    <MaxVersion>2</MaxVersion>
  </TypeVersionTuple>
  <TypeVersionTuple>
    <Type>battle_types_to_victory_conditions_tables</Type>
    <MaxVersion>2</MaxVersion>
  </TypeVersionTuple>
  <TypeVersionTuple>
    <Type>battle_unit_permission_junctions_tables</Type>
    <MaxVersion>0</MaxVersion>
  </TypeVersionTuple>
  <TypeVersionTuple>
    <Type>battle_weather_effects_tables</Type>
    <MaxVersion>1</MaxVersion>
  </TypeVersionTuple>
  <TypeVersionTuple>
    <Type>battle_weather_types_tables</Type>
    <MaxVersion>0</MaxVersion>
  </TypeVersionTuple>
  <TypeVersionTuple>
    <Type>battlefield_building_categories_tables</Type>
    <MaxVersion>3</MaxVersion>
  </TypeVersionTuple>
  <TypeVersionTuple>
    <Type>battlefield_building_transformations_tables</Type>
    <MaxVersion>0</MaxVersion>
  </TypeVersionTuple>
  <TypeVersionTuple>
    <Type>battlefield_buildings_names_tables</Type>
    <MaxVersion>0</MaxVersion>
  </TypeVersionTuple>
  <TypeVersionTuple>
    <Type>battlefield_buildings_tables</Type>
    <MaxVersion>15</MaxVersion>
  </TypeVersionTuple>
  <TypeVersionTuple>
    <Type>battlefield_buildings_with_projectiles_names_tables</Type>
    <MaxVersion>0</MaxVersion>
  </TypeVersionTuple>
  <TypeVersionTuple>
    <Type>battlefield_chariots_tables</Type>
    <MaxVersion>0</MaxVersion>
  </TypeVersionTuple>
  <TypeVersionTuple>
    <Type>battlefield_deployable_siege_items_tables</Type>
    <MaxVersion>4</MaxVersion>
  </TypeVersionTuple>
  <TypeVersionTuple>
    <Type>battlefield_engines_autonomous_tables</Type>
    <MaxVersion>1</MaxVersion>
  </TypeVersionTuple>
  <TypeVersionTuple>
    <Type>battlefield_engines_tables</Type>
    <MaxVersion>4</MaxVersion>
  </TypeVersionTuple>
  <TypeVersionTuple>
    <Type>battlefield_siege_vehicles_custom_battles_tables</Type>
    <MaxVersion>0</MaxVersion>
  </TypeVersionTuple>
  <TypeVersionTuple>
    <Type>battlefield_siege_vehicles_tables</Type>
    <MaxVersion>15</MaxVersion>
  </TypeVersionTuple>
  <TypeVersionTuple>
    <Type>battlefield_siege_vehicles_to_autonomous_engines_tables</Type>
    <MaxVersion>0</MaxVersion>
  </TypeVersionTuple>
  <TypeVersionTuple>
    <Type>battlefield_snow_props_tables</Type>
    <MaxVersion>0</MaxVersion>
  </TypeVersionTuple>
  <TypeVersionTuple>
    <Type>battles_tables</Type>
    <MaxVersion>6</MaxVersion>
  </TypeVersionTuple>
  <TypeVersionTuple>
    <Type>battles_to_battle_sky_types_junctions_tables</Type>
    <MaxVersion>0</MaxVersion>
  </TypeVersionTuple>
  <TypeVersionTuple>
    <Type>bribe_actions_tables</Type>
    <MaxVersion>0</MaxVersion>
  </TypeVersionTuple>
  <TypeVersionTuple>
    <Type>building_chain_availabilities_tables</Type>
    <MaxVersion>1</MaxVersion>
  </TypeVersionTuple>
  <TypeVersionTuple>
    <Type>building_chain_availability_set_ids_tables</Type>
    <MaxVersion>0</MaxVersion>
  </TypeVersionTuple>
  <TypeVersionTuple>
    <Type>building_chain_availability_sets_tables</Type>
    <MaxVersion>0</MaxVersion>
  </TypeVersionTuple>
  <TypeVersionTuple>
    <Type>building_chain_to_slots_tables</Type>
    <MaxVersion>0</MaxVersion>
  </TypeVersionTuple>
  <TypeVersionTuple>
    <Type>building_chains_tables</Type>
    <MaxVersion>2</MaxVersion>
  </TypeVersionTuple>
  <TypeVersionTuple>
    <Type>building_culture_gov_type_variants_tables</Type>
    <MaxVersion>1</MaxVersion>
  </TypeVersionTuple>
  <TypeVersionTuple>
    <Type>building_culture_variants_tables</Type>
    <MaxVersion>3</MaxVersion>
  </TypeVersionTuple>
  <TypeVersionTuple>
    <Type>building_effects_junction_tables</Type>
    <MaxVersion>3</MaxVersion>
  </TypeVersionTuple>
  <TypeVersionTuple>
    <Type>building_faction_variants_tables</Type>
    <MaxVersion>0</MaxVersion>
  </TypeVersionTuple>
  <TypeVersionTuple>
    <Type>building_factionwide_effects_junctions_tables</Type>
    <MaxVersion>0</MaxVersion>
  </TypeVersionTuple>
  <TypeVersionTuple>
    <Type>building_instances_tables</Type>
    <MaxVersion>0</MaxVersion>
  </TypeVersionTuple>
  <TypeVersionTuple>
    <Type>building_level_armed_citizenry_junctions_tables</Type>
    <MaxVersion>1</MaxVersion>
  </TypeVersionTuple>
  <TypeVersionTuple>
    <Type>building_level_required_technology_junctions_tables</Type>
    <MaxVersion>0</MaxVersion>
  </TypeVersionTuple>
  <TypeVersionTuple>
    <Type>building_levels_tables</Type>
    <MaxVersion>7</MaxVersion>
  </TypeVersionTuple>
  <TypeVersionTuple>
    <Type>building_set_to_building_junctions_tables</Type>
    <MaxVersion>0</MaxVersion>
  </TypeVersionTuple>
  <TypeVersionTuple>
    <Type>building_sets_tables</Type>
    <MaxVersion>0</MaxVersion>
  </TypeVersionTuple>
  <TypeVersionTuple>
    <Type>building_states_tables</Type>
    <MaxVersion>0</MaxVersion>
  </TypeVersionTuple>
  <TypeVersionTuple>
    <Type>building_superchains_tables</Type>
    <MaxVersion>0</MaxVersion>
  </TypeVersionTuple>
  <TypeVersionTuple>
    <Type>building_to_unit_abilities_junctions_tables</Type>
    <MaxVersion>0</MaxVersion>
  </TypeVersionTuple>
  <TypeVersionTuple>
    <Type>building_units_allowed_tables</Type>
    <MaxVersion>3</MaxVersion>
  </TypeVersionTuple>
  <TypeVersionTuple>
    <Type>building_upgrades_junction_tables</Type>
    <MaxVersion>0</MaxVersion>
  </TypeVersionTuple>
  <TypeVersionTuple>
    <Type>cai_agent_distribution_profiles_tables</Type>
    <MaxVersion>0</MaxVersion>
  </TypeVersionTuple>
  <TypeVersionTuple>
    <Type>cai_agent_distribution_types_tables</Type>
    <MaxVersion>0</MaxVersion>
  </TypeVersionTuple>
  <TypeVersionTuple>
    <Type>cai_agent_record_to_cai_agent_type_junctions_tables</Type>
    <MaxVersion>0</MaxVersion>
  </TypeVersionTuple>
  <TypeVersionTuple>
    <Type>cai_agent_recruitment_profiles_tables</Type>
    <MaxVersion>0</MaxVersion>
  </TypeVersionTuple>
  <TypeVersionTuple>
    <Type>cai_agent_recruitment_types_tables</Type>
    <MaxVersion>0</MaxVersion>
  </TypeVersionTuple>
  <TypeVersionTuple>
    <Type>cai_agent_type_distribution_profile_junctions_tables</Type>
    <MaxVersion>0</MaxVersion>
  </TypeVersionTuple>
  <TypeVersionTuple>
    <Type>cai_agent_type_recruitment_profile_junctions_tables</Type>
    <MaxVersion>0</MaxVersion>
  </TypeVersionTuple>
  <TypeVersionTuple>
    <Type>cai_agent_types_tables</Type>
    <MaxVersion>0</MaxVersion>
  </TypeVersionTuple>
  <TypeVersionTuple>
    <Type>cai_base_building_context_values_tables</Type>
    <MaxVersion>1</MaxVersion>
  </TypeVersionTuple>
  <TypeVersionTuple>
    <Type>cai_construction_system_building_values_tables</Type>
    <MaxVersion>0</MaxVersion>
  </TypeVersionTuple>
  <TypeVersionTuple>
    <Type>cai_construction_system_categories_tables</Type>
    <MaxVersion>0</MaxVersion>
  </TypeVersionTuple>
  <TypeVersionTuple>
    <Type>cai_construction_system_category_groups_tables</Type>
    <MaxVersion>0</MaxVersion>
  </TypeVersionTuple>
  <TypeVersionTuple>
    <Type>cai_construction_system_province_template_assignment_policies_tables</Type>
    <MaxVersion>0</MaxVersion>
  </TypeVersionTuple>
  <TypeVersionTuple>
    <Type>cai_construction_system_strategic_context_template_policies_tables</Type>
    <MaxVersion>0</MaxVersion>
  </TypeVersionTuple>
  <TypeVersionTuple>
    <Type>cai_construction_system_strategic_context_template_policy_junctions_tables</Type>
    <MaxVersion>0</MaxVersion>
  </TypeVersionTuple>
  <TypeVersionTuple>
    <Type>cai_construction_system_superchain_hints_tables</Type>
    <MaxVersion>0</MaxVersion>
  </TypeVersionTuple>
  <TypeVersionTuple>
    <Type>cai_construction_system_synergies_tables</Type>
    <MaxVersion>0</MaxVersion>
  </TypeVersionTuple>
  <TypeVersionTuple>
    <Type>cai_construction_system_synergy_levels_tables</Type>
    <MaxVersion>0</MaxVersion>
  </TypeVersionTuple>
  <TypeVersionTuple>
    <Type>cai_construction_system_synergy_policies_tables</Type>
    <MaxVersion>0</MaxVersion>
  </TypeVersionTuple>
  <TypeVersionTuple>
    <Type>cai_construction_system_templates_junctions_tables</Type>
    <MaxVersion>0</MaxVersion>
  </TypeVersionTuple>
  <TypeVersionTuple>
    <Type>cai_construction_system_templates_tables</Type>
    <MaxVersion>0</MaxVersion>
  </TypeVersionTuple>
  <TypeVersionTuple>
    <Type>cai_diplomacy_complex_treacheries_tables</Type>
    <MaxVersion>0</MaxVersion>
  </TypeVersionTuple>
  <TypeVersionTuple>
    <Type>cai_diplomacy_simple_treacheries_tables</Type>
    <MaxVersion>0</MaxVersion>
  </TypeVersionTuple>
  <TypeVersionTuple>
    <Type>cai_military_aggressiveness_policies_tables</Type>
    <MaxVersion>0</MaxVersion>
  </TypeVersionTuple>
  <TypeVersionTuple>
    <Type>cai_military_behaviour_policies_tables</Type>
    <MaxVersion>0</MaxVersion>
  </TypeVersionTuple>
  <TypeVersionTuple>
    <Type>cai_personalities_budget_allocation_policy_junctions_tables</Type>
    <MaxVersion>0</MaxVersion>
  </TypeVersionTuple>
  <TypeVersionTuple>
    <Type>cai_personalities_budget_allocations_tables</Type>
    <MaxVersion>2</MaxVersion>
  </TypeVersionTuple>
  <TypeVersionTuple>
    <Type>cai_personalities_budget_policies_tables</Type>
    <MaxVersion>0</MaxVersion>
  </TypeVersionTuple>
  <TypeVersionTuple>
    <Type>cai_personalities_construction_preference_policies_tables</Type>
    <MaxVersion>0</MaxVersion>
  </TypeVersionTuple>
  <TypeVersionTuple>
    <Type>cai_personalities_construction_preference_policy_building_junctions_tables</Type>
    <MaxVersion>2</MaxVersion>
  </TypeVersionTuple>
  <TypeVersionTuple>
    <Type>cai_personalities_construction_system_policies_tables</Type>
    <MaxVersion>0</MaxVersion>
  </TypeVersionTuple>
  <TypeVersionTuple>
    <Type>cai_personalities_faction_junctions_tables</Type>
    <MaxVersion>0</MaxVersion>
  </TypeVersionTuple>
  <TypeVersionTuple>
    <Type>cai_personalities_income_allocation_policies_tables</Type>
    <MaxVersion>0</MaxVersion>
  </TypeVersionTuple>
  <TypeVersionTuple>
    <Type>cai_personalities_income_allocation_policy_strategic_context_junctions_tables</Type>
    <MaxVersion>0</MaxVersion>
  </TypeVersionTuple>
  <TypeVersionTuple>
    <Type>cai_personalities_random_group_junctions_tables</Type>
    <MaxVersion>0</MaxVersion>
  </TypeVersionTuple>
  <TypeVersionTuple>
    <Type>cai_personalities_random_groups_tables</Type>
    <MaxVersion>0</MaxVersion>
  </TypeVersionTuple>
  <TypeVersionTuple>
    <Type>cai_personalities_randomisation_policies_tables</Type>
    <MaxVersion>0</MaxVersion>
  </TypeVersionTuple>
  <TypeVersionTuple>
    <Type>cai_personalities_reliability_policies_tables</Type>
    <MaxVersion>3</MaxVersion>
  </TypeVersionTuple>
  <TypeVersionTuple>
    <Type>cai_personalities_religious_conversion_policies_tables</Type>
    <MaxVersion>0</MaxVersion>
  </TypeVersionTuple>
  <TypeVersionTuple>
    <Type>cai_personalities_tables</Type>
    <MaxVersion>10</MaxVersion>
  </TypeVersionTuple>
  <TypeVersionTuple>
    <Type>cai_personalities_task_management_system_task_generator_profiles_strategic_contexts_junctions_tables</Type>
    <MaxVersion>0</MaxVersion>
  </TypeVersionTuple>
  <TypeVersionTuple>
    <Type>cai_personalities_task_management_system_task_generator_profiles_tables</Type>
    <MaxVersion>0</MaxVersion>
  </TypeVersionTuple>
  <TypeVersionTuple>
    <Type>cai_personalities_tms_task_generator_profiles_strategic_contexts_junctions_tables</Type>
    <MaxVersion>0</MaxVersion>
  </TypeVersionTuple>
  <TypeVersionTuple>
    <Type>cai_personality_cultural_components_tables</Type>
    <MaxVersion>0</MaxVersion>
  </TypeVersionTuple>
  <TypeVersionTuple>
    <Type>cai_personality_cultural_multipliers_tables</Type>
    <MaxVersion>3</MaxVersion>
  </TypeVersionTuple>
  <TypeVersionTuple>
    <Type>cai_personality_deal_evaluation_component_overrides_tables</Type>
    <MaxVersion>0</MaxVersion>
  </TypeVersionTuple>
  <TypeVersionTuple>
    <Type>cai_personality_deal_evaluation_components_tables</Type>
    <MaxVersion>2</MaxVersion>
  </TypeVersionTuple>
  <TypeVersionTuple>
    <Type>cai_personality_deal_evaluation_deal_component_names_tables</Type>
    <MaxVersion>0</MaxVersion>
  </TypeVersionTuple>
  <TypeVersionTuple>
    <Type>cai_personality_deal_evaluation_deal_component_values_tables</Type>
    <MaxVersion>3</MaxVersion>
  </TypeVersionTuple>
  <TypeVersionTuple>
    <Type>cai_personality_deal_generation_components_tables</Type>
    <MaxVersion>0</MaxVersion>
  </TypeVersionTuple>
  <TypeVersionTuple>
    <Type>cai_personality_deal_generation_generator_priorities_tables</Type>
    <MaxVersion>2</MaxVersion>
  </TypeVersionTuple>
  <TypeVersionTuple>
    <Type>cai_personality_deal_generation_generators_tables</Type>
    <MaxVersion>0</MaxVersion>
  </TypeVersionTuple>
  <TypeVersionTuple>
    <Type>cai_personality_diplomatic_component_overrides_tables</Type>
    <MaxVersion>0</MaxVersion>
  </TypeVersionTuple>
  <TypeVersionTuple>
    <Type>cai_personality_diplomatic_components_tables</Type>
    <MaxVersion>0</MaxVersion>
  </TypeVersionTuple>
  <TypeVersionTuple>
    <Type>cai_personality_diplomatic_event_values_tables</Type>
    <MaxVersion>0</MaxVersion>
  </TypeVersionTuple>
  <TypeVersionTuple>
    <Type>cai_personality_diplomatic_events_tables</Type>
    <MaxVersion>2</MaxVersion>
  </TypeVersionTuple>
  <TypeVersionTuple>
    <Type>cai_personality_diplomatic_treaty_values_tables</Type>
    <MaxVersion>1</MaxVersion>
  </TypeVersionTuple>
  <TypeVersionTuple>
    <Type>cai_personality_group_junctions_tables</Type>
    <MaxVersion>0</MaxVersion>
  </TypeVersionTuple>
  <TypeVersionTuple>
    <Type>cai_personality_group_overrides_tables</Type>
    <MaxVersion>0</MaxVersion>
  </TypeVersionTuple>
  <TypeVersionTuple>
    <Type>cai_personality_groups_tables</Type>
    <MaxVersion>0</MaxVersion>
  </TypeVersionTuple>
  <TypeVersionTuple>
    <Type>cai_personality_negotiation_components_tables</Type>
    <MaxVersion>0</MaxVersion>
  </TypeVersionTuple>
  <TypeVersionTuple>
    <Type>cai_personality_occupation_decision_components_tables</Type>
    <MaxVersion>0</MaxVersion>
  </TypeVersionTuple>
  <TypeVersionTuple>
    <Type>cai_personality_occupation_decision_priorities_tables</Type>
    <MaxVersion>0</MaxVersion>
  </TypeVersionTuple>
  <TypeVersionTuple>
    <Type>cai_personality_strategic_components_tables</Type>
    <MaxVersion>6</MaxVersion>
  </TypeVersionTuple>
  <TypeVersionTuple>
    <Type>cai_personality_strategic_desired_attitudes_tables</Type>
    <MaxVersion>1</MaxVersion>
  </TypeVersionTuple>
  <TypeVersionTuple>
    <Type>cai_personality_strategic_resource_values_tables</Type>
    <MaxVersion>0</MaxVersion>
  </TypeVersionTuple>
  <TypeVersionTuple>
    <Type>cai_siege_strength_modifiers_tables</Type>
    <MaxVersion>0</MaxVersion>
  </TypeVersionTuple>
  <TypeVersionTuple>
    <Type>cai_strategic_context_types_tables</Type>
    <MaxVersion>0</MaxVersion>
  </TypeVersionTuple>
  <TypeVersionTuple>
    <Type>cai_task_management_system_task_generator_groups_generators_junctions_tables</Type>
    <MaxVersion>0</MaxVersion>
  </TypeVersionTuple>
  <TypeVersionTuple>
    <Type>cai_task_management_system_task_generator_groups_tables</Type>
    <MaxVersion>0</MaxVersion>
  </TypeVersionTuple>
  <TypeVersionTuple>
    <Type>cai_task_management_system_task_generators_tables</Type>
    <MaxVersion>0</MaxVersion>
  </TypeVersionTuple>
  <TypeVersionTuple>
    <Type>cai_variables_overides_tables</Type>
    <MaxVersion>0</MaxVersion>
  </TypeVersionTuple>
  <TypeVersionTuple>
    <Type>cai_variables_tables</Type>
    <MaxVersion>0</MaxVersion>
  </TypeVersionTuple>
  <TypeVersionTuple>
    <Type>campaign_ai_character_skill_tree_distribution_junctions_tables</Type>
    <MaxVersion>0</MaxVersion>
  </TypeVersionTuple>
  <TypeVersionTuple>
    <Type>campaign_ai_character_skill_tree_junctions_tables</Type>
    <MaxVersion>0</MaxVersion>
  </TypeVersionTuple>
  <TypeVersionTuple>
    <Type>campaign_ai_character_skill_tree_manager_agent_junctions_tables</Type>
    <MaxVersion>0</MaxVersion>
  </TypeVersionTuple>
  <TypeVersionTuple>
    <Type>campaign_ai_manager_behaviour_junctions_tables</Type>
    <MaxVersion>0</MaxVersion>
  </TypeVersionTuple>
  <TypeVersionTuple>
    <Type>campaign_ai_managers_tables</Type>
    <MaxVersion>0</MaxVersion>
  </TypeVersionTuple>
  <TypeVersionTuple>
    <Type>campaign_ai_personalities_tables</Type>
    <MaxVersion>0</MaxVersion>
  </TypeVersionTuple>
  <TypeVersionTuple>
    <Type>campaign_ai_personality_junctions_tables</Type>
    <MaxVersion>0</MaxVersion>
  </TypeVersionTuple>
  <TypeVersionTuple>
    <Type>campaign_ai_technology_manager_path_junctions_tables</Type>
    <MaxVersion>0</MaxVersion>
  </TypeVersionTuple>
  <TypeVersionTuple>
    <Type>campaign_ai_technology_path_junctions_tables</Type>
    <MaxVersion>0</MaxVersion>
  </TypeVersionTuple>
  <TypeVersionTuple>
    <Type>campaign_ambush_ground_types_tables</Type>
    <MaxVersion>1</MaxVersion>
  </TypeVersionTuple>
  <TypeVersionTuple>
    <Type>campaign_anim_action_anims_tables</Type>
    <MaxVersion>0</MaxVersion>
  </TypeVersionTuple>
  <TypeVersionTuple>
    <Type>campaign_anim_basic_anims_tables</Type>
    <MaxVersion>0</MaxVersion>
  </TypeVersionTuple>
  <TypeVersionTuple>
    <Type>campaign_anim_matched_action_anims_tables</Type>
    <MaxVersion>0</MaxVersion>
  </TypeVersionTuple>
  <TypeVersionTuple>
    <Type>campaign_anim_poses_tables</Type>
    <MaxVersion>0</MaxVersion>
  </TypeVersionTuple>
  <TypeVersionTuple>
    <Type>campaign_anim_set_status_junctions_tables</Type>
    <MaxVersion>0</MaxVersion>
  </TypeVersionTuple>
  <TypeVersionTuple>
    <Type>campaign_anim_sets_tables</Type>
    <MaxVersion>0</MaxVersion>
  </TypeVersionTuple>
  <TypeVersionTuple>
    <Type>campaign_animations_tables</Type>
    <MaxVersion>0</MaxVersion>
  </TypeVersionTuple>
  <TypeVersionTuple>
    <Type>campaign_autoresolver_battle_situations_tables</Type>
    <MaxVersion>0</MaxVersion>
  </TypeVersionTuple>
  <TypeVersionTuple>
    <Type>campaign_autoresolver_mod_group_modifier_values_tables</Type>
    <MaxVersion>0</MaxVersion>
  </TypeVersionTuple>
  <TypeVersionTuple>
    <Type>campaign_autoresolver_mod_group_targets_tables</Type>
    <MaxVersion>1</MaxVersion>
  </TypeVersionTuple>
  <TypeVersionTuple>
    <Type>campaign_autoresolver_mod_groups_tables</Type>
    <MaxVersion>0</MaxVersion>
  </TypeVersionTuple>
  <TypeVersionTuple>
    <Type>campaign_autoresolver_modifiers_tables</Type>
    <MaxVersion>0</MaxVersion>
  </TypeVersionTuple>
  <TypeVersionTuple>
    <Type>campaign_autoresolver_situation_mod_groups_tables</Type>
    <MaxVersion>0</MaxVersion>
  </TypeVersionTuple>
  <TypeVersionTuple>
    <Type>campaign_autoresolver_stat_variables_tables</Type>
    <MaxVersion>0</MaxVersion>
  </TypeVersionTuple>
  <TypeVersionTuple>
    <Type>campaign_battle_presets_tables</Type>
    <MaxVersion>4</MaxVersion>
  </TypeVersionTuple>
  <TypeVersionTuple>
    <Type>campaign_bonus_value_battle_context_battle_type_junctions_tables</Type>
    <MaxVersion>0</MaxVersion>
  </TypeVersionTuple>
  <TypeVersionTuple>
    <Type>campaign_bonus_value_battle_context_culture_junctions_tables</Type>
    <MaxVersion>0</MaxVersion>
  </TypeVersionTuple>
  <TypeVersionTuple>
    <Type>campaign_bonus_value_battle_context_faction_junctions_tables</Type>
    <MaxVersion>0</MaxVersion>
  </TypeVersionTuple>
  <TypeVersionTuple>
    <Type>campaign_bonus_value_battle_context_force_status_junctions_tables</Type>
    <MaxVersion>0</MaxVersion>
  </TypeVersionTuple>
  <TypeVersionTuple>
    <Type>campaign_bonus_value_battle_context_ground_type_junctions_tables</Type>
    <MaxVersion>0</MaxVersion>
  </TypeVersionTuple>
  <TypeVersionTuple>
    <Type>campaign_bonus_value_battle_context_specifiers_tables</Type>
    <MaxVersion>1</MaxVersion>
  </TypeVersionTuple>
  <TypeVersionTuple>
    <Type>campaign_bonus_value_battle_context_territory_status_junctions_tables</Type>
    <MaxVersion>0</MaxVersion>
  </TypeVersionTuple>
  <TypeVersionTuple>
    <Type>campaign_character_anim_set_agent_junctions_tables</Type>
    <MaxVersion>0</MaxVersion>
  </TypeVersionTuple>
  <TypeVersionTuple>
    <Type>campaign_character_anim_sets_tables</Type>
    <MaxVersion>0</MaxVersion>
  </TypeVersionTuple>
  <TypeVersionTuple>
    <Type>campaign_character_anim_walk_anim_junctions_tables</Type>
    <MaxVersion>0</MaxVersion>
  </TypeVersionTuple>
  <TypeVersionTuple>
    <Type>campaign_character_anims_junctions_tables</Type>
    <MaxVersion>0</MaxVersion>
  </TypeVersionTuple>
  <TypeVersionTuple>
    <Type>campaign_character_art_set_campaign_junctions_tables</Type>
    <MaxVersion>0</MaxVersion>
  </TypeVersionTuple>
  <TypeVersionTuple>
    <Type>campaign_character_art_sets_campaign_groups_tables</Type>
    <MaxVersion>0</MaxVersion>
  </TypeVersionTuple>
  <TypeVersionTuple>
    <Type>campaign_character_art_sets_group_junctions_tables</Type>
    <MaxVersion>0</MaxVersion>
  </TypeVersionTuple>
  <TypeVersionTuple>
    <Type>campaign_character_art_sets_tables</Type>
    <MaxVersion>5</MaxVersion>
  </TypeVersionTuple>
  <TypeVersionTuple>
    <Type>campaign_character_arts_tables</Type>
    <MaxVersion>5</MaxVersion>
  </TypeVersionTuple>
  <TypeVersionTuple>
    <Type>campaign_character_attribute_effects_tables</Type>
    <MaxVersion>1</MaxVersion>
  </TypeVersionTuple>
  <TypeVersionTuple>
    <Type>campaign_clan_level_infos_tables</Type>
    <MaxVersion>1</MaxVersion>
  </TypeVersionTuple>
  <TypeVersionTuple>
    <Type>campaign_difficulty_handicap_effects_tables</Type>
    <MaxVersion>0</MaxVersion>
  </TypeVersionTuple>
  <TypeVersionTuple>
    <Type>campaign_effect_scope_agent_junctions_tables</Type>
    <MaxVersion>0</MaxVersion>
  </TypeVersionTuple>
  <TypeVersionTuple>
    <Type>campaign_effect_scope_character_force_relationship_junctions_tables</Type>
    <MaxVersion>0</MaxVersion>
  </TypeVersionTuple>
  <TypeVersionTuple>
    <Type>campaign_effect_scope_character_unit_relationship_junctions_tables</Type>
    <MaxVersion>0</MaxVersion>
  </TypeVersionTuple>
  <TypeVersionTuple>
    <Type>campaign_effect_scopes_tables</Type>
    <MaxVersion>0</MaxVersion>
  </TypeVersionTuple>
  <TypeVersionTuple>
    <Type>campaign_ground_types_tables</Type>
    <MaxVersion>6</MaxVersion>
  </TypeVersionTuple>
  <TypeVersionTuple>
    <Type>campaign_map_attrition_damages_tables</Type>
    <MaxVersion>0</MaxVersion>
  </TypeVersionTuple>
  <TypeVersionTuple>
    <Type>campaign_map_attrition_faction_immunities_tables</Type>
    <MaxVersion>0</MaxVersion>
  </TypeVersionTuple>
  <TypeVersionTuple>
    <Type>campaign_map_attrition_unit_immunities_tables</Type>
    <MaxVersion>0</MaxVersion>
  </TypeVersionTuple>
  <TypeVersionTuple>
    <Type>campaign_map_attritions_tables</Type>
    <MaxVersion>2</MaxVersion>
  </TypeVersionTuple>
  <TypeVersionTuple>
    <Type>campaign_map_playable_areas_tables</Type>
    <MaxVersion>3</MaxVersion>
  </TypeVersionTuple>
  <TypeVersionTuple>
    <Type>campaign_map_regions_tables</Type>
    <MaxVersion>0</MaxVersion>
  </TypeVersionTuple>
  <TypeVersionTuple>
    <Type>campaign_map_roads_tables</Type>
    <MaxVersion>0</MaxVersion>
  </TypeVersionTuple>
  <TypeVersionTuple>
    <Type>campaign_map_settlements_tables</Type>
    <MaxVersion>0</MaxVersion>
  </TypeVersionTuple>
  <TypeVersionTuple>
    <Type>campaign_map_slots_tables</Type>
    <MaxVersion>0</MaxVersion>
  </TypeVersionTuple>
  <TypeVersionTuple>
    <Type>campaign_map_tooltips_tables</Type>
    <MaxVersion>2</MaxVersion>
  </TypeVersionTuple>
  <TypeVersionTuple>
    <Type>campaign_map_towns_and_ports_tables</Type>
    <MaxVersion>0</MaxVersion>
  </TypeVersionTuple>
  <TypeVersionTuple>
    <Type>campaign_mp_coop_groups_tables</Type>
    <MaxVersion>0</MaxVersion>
  </TypeVersionTuple>
  <TypeVersionTuple>
    <Type>campaign_mp_coop_groups_to_factions_tables</Type>
    <MaxVersion>0</MaxVersion>
  </TypeVersionTuple>
  <TypeVersionTuple>
    <Type>campaign_politics_strings_tables</Type>
    <MaxVersion>0</MaxVersion>
  </TypeVersionTuple>
  <TypeVersionTuple>
    <Type>campaign_public_order_populace_effects_tables</Type>
    <MaxVersion>0</MaxVersion>
  </TypeVersionTuple>
  <TypeVersionTuple>
    <Type>campaign_settlement_display_aqueducts_tables</Type>
    <MaxVersion>0</MaxVersion>
  </TypeVersionTuple>
  <TypeVersionTuple>
    <Type>campaign_settlement_display_building_constructions_tables</Type>
    <MaxVersion>0</MaxVersion>
  </TypeVersionTuple>
  <TypeVersionTuple>
    <Type>campaign_settlement_display_building_ids_tables</Type>
    <MaxVersion>0</MaxVersion>
  </TypeVersionTuple>
  <TypeVersionTuple>
    <Type>campaign_settlement_display_building_trees_tables</Type>
    <MaxVersion>0</MaxVersion>
  </TypeVersionTuple>
  <TypeVersionTuple>
    <Type>campaign_settlement_display_buildings_tables</Type>
    <MaxVersion>1</MaxVersion>
  </TypeVersionTuple>
  <TypeVersionTuple>
    <Type>campaign_settlement_display_siege_item_ids_tables</Type>
    <MaxVersion>0</MaxVersion>
  </TypeVersionTuple>
  <TypeVersionTuple>
    <Type>campaign_settlement_display_sprawl_pieces_tables</Type>
    <MaxVersion>0</MaxVersion>
  </TypeVersionTuple>
  <TypeVersionTuple>
    <Type>campaign_stance_effects_junctions_tables</Type>
    <MaxVersion>1</MaxVersion>
  </TypeVersionTuple>
  <TypeVersionTuple>
    <Type>campaign_stances_tables</Type>
    <MaxVersion>0</MaxVersion>
  </TypeVersionTuple>
  <TypeVersionTuple>
    <Type>campaign_statistics_categories_tables</Type>
    <MaxVersion>0</MaxVersion>
  </TypeVersionTuple>
  <TypeVersionTuple>
    <Type>campaign_statistics_strings_tables</Type>
    <MaxVersion>0</MaxVersion>
  </TypeVersionTuple>
  <TypeVersionTuple>
    <Type>campaign_subject_evolution_links_tables</Type>
    <MaxVersion>0</MaxVersion>
  </TypeVersionTuple>
  <TypeVersionTuple>
    <Type>campaign_subject_evolutions_tables</Type>
    <MaxVersion>0</MaxVersion>
  </TypeVersionTuple>
  <TypeVersionTuple>
    <Type>campaign_subject_faction_restriction_junctions_tables</Type>
    <MaxVersion>0</MaxVersion>
  </TypeVersionTuple>
  <TypeVersionTuple>
    <Type>campaign_subject_messages_tables</Type>
    <MaxVersion>0</MaxVersion>
  </TypeVersionTuple>
  <TypeVersionTuple>
    <Type>campaign_subject_strings_tables</Type>
    <MaxVersion>0</MaxVersion>
  </TypeVersionTuple>
  <TypeVersionTuple>
    <Type>campaign_subjects_tables</Type>
    <MaxVersion>0</MaxVersion>
  </TypeVersionTuple>
  <TypeVersionTuple>
    <Type>campaign_unit_stat_bonuses_tables</Type>
    <MaxVersion>1</MaxVersion>
  </TypeVersionTuple>
  <TypeVersionTuple>
    <Type>campaign_variables_tables</Type>
    <MaxVersion>0</MaxVersion>
  </TypeVersionTuple>
  <TypeVersionTuple>
    <Type>campaign_vfx_descriptions_tables</Type>
    <MaxVersion>0</MaxVersion>
  </TypeVersionTuple>
  <TypeVersionTuple>
    <Type>campaign_vfx_lookups_tables</Type>
    <MaxVersion>0</MaxVersion>
  </TypeVersionTuple>
  <TypeVersionTuple>
    <Type>campaign_walk_anim_sets_tables</Type>
    <MaxVersion>0</MaxVersion>
  </TypeVersionTuple>
  <TypeVersionTuple>
    <Type>campaigns_campaign_variables_junctions_tables</Type>
    <MaxVersion>2</MaxVersion>
  </TypeVersionTuple>
  <TypeVersionTuple>
    <Type>campaigns_tables</Type>
    <MaxVersion>5</MaxVersion>
  </TypeVersionTuple>
  <TypeVersionTuple>
    <Type>capture_point_types_tables</Type>
    <MaxVersion>0</MaxVersion>
  </TypeVersionTuple>
  <TypeVersionTuple>
    <Type>cdir_army_template_ratios_tables</Type>
    <MaxVersion>0</MaxVersion>
  </TypeVersionTuple>
  <TypeVersionTuple>
    <Type>cdir_campaign_junctions_tables</Type>
    <MaxVersion>0</MaxVersion>
  </TypeVersionTuple>
  <TypeVersionTuple>
    <Type>cdir_configs_tables</Type>
    <MaxVersion>0</MaxVersion>
  </TypeVersionTuple>
  <TypeVersionTuple>
    <Type>cdir_desire_priorities_tables</Type>
    <MaxVersion>0</MaxVersion>
  </TypeVersionTuple>
  <TypeVersionTuple>
    <Type>cdir_events_dilemma_choice_details_tables</Type>
    <MaxVersion>0</MaxVersion>
  </TypeVersionTuple>
  <TypeVersionTuple>
    <Type>cdir_events_dilemma_followup_dilemmas_tables</Type>
    <MaxVersion>0</MaxVersion>
  </TypeVersionTuple>
  <TypeVersionTuple>
    <Type>cdir_events_dilemma_followup_missions_tables</Type>
    <MaxVersion>0</MaxVersion>
  </TypeVersionTuple>
  <TypeVersionTuple>
    <Type>cdir_events_dilemma_incidents_tables</Type>
    <MaxVersion>0</MaxVersion>
  </TypeVersionTuple>
  <TypeVersionTuple>
    <Type>cdir_events_dilemma_option_junctions_tables</Type>
    <MaxVersion>1</MaxVersion>
  </TypeVersionTuple>
  <TypeVersionTuple>
    <Type>cdir_events_dilemma_payloads_tables</Type>
    <MaxVersion>2</MaxVersion>
  </TypeVersionTuple>
  <TypeVersionTuple>
    <Type>cdir_events_incident_followup_dilemmas_tables</Type>
    <MaxVersion>0</MaxVersion>
  </TypeVersionTuple>
  <TypeVersionTuple>
    <Type>cdir_events_incident_followup_incidents_tables</Type>
    <MaxVersion>0</MaxVersion>
  </TypeVersionTuple>
  <TypeVersionTuple>
    <Type>cdir_events_incident_followup_missions_tables</Type>
    <MaxVersion>0</MaxVersion>
  </TypeVersionTuple>
  <TypeVersionTuple>
    <Type>cdir_events_incident_option_junctions_tables</Type>
    <MaxVersion>1</MaxVersion>
  </TypeVersionTuple>
  <TypeVersionTuple>
    <Type>cdir_events_incident_payloads_tables</Type>
    <MaxVersion>1</MaxVersion>
  </TypeVersionTuple>
  <TypeVersionTuple>
    <Type>cdir_events_mission_followup_dilemmas_tables</Type>
    <MaxVersion>0</MaxVersion>
  </TypeVersionTuple>
  <TypeVersionTuple>
    <Type>cdir_events_mission_followup_missions_tables</Type>
    <MaxVersion>0</MaxVersion>
  </TypeVersionTuple>
  <TypeVersionTuple>
    <Type>cdir_events_mission_incidents_tables</Type>
    <MaxVersion>0</MaxVersion>
  </TypeVersionTuple>
  <TypeVersionTuple>
    <Type>cdir_events_mission_issuer_junctions_tables</Type>
    <MaxVersion>0</MaxVersion>
  </TypeVersionTuple>
  <TypeVersionTuple>
    <Type>cdir_events_mission_option_junctions_tables</Type>
    <MaxVersion>1</MaxVersion>
  </TypeVersionTuple>
  <TypeVersionTuple>
    <Type>cdir_events_mission_payloads_tables</Type>
    <MaxVersion>1</MaxVersion>
  </TypeVersionTuple>
  <TypeVersionTuple>
    <Type>cdir_events_payloads_tables</Type>
    <MaxVersion>0</MaxVersion>
  </TypeVersionTuple>
  <TypeVersionTuple>
    <Type>cdir_faction_junctions_tables</Type>
    <MaxVersion>0</MaxVersion>
  </TypeVersionTuple>
  <TypeVersionTuple>
    <Type>cdir_military_generator_configs_tables</Type>
    <MaxVersion>0</MaxVersion>
  </TypeVersionTuple>
  <TypeVersionTuple>
    <Type>cdir_military_generator_template_priorities_tables</Type>
    <MaxVersion>0</MaxVersion>
  </TypeVersionTuple>
  <TypeVersionTuple>
    <Type>cdir_military_generator_template_ratios_tables</Type>
    <MaxVersion>0</MaxVersion>
  </TypeVersionTuple>
  <TypeVersionTuple>
    <Type>cdir_military_generator_templates_tables</Type>
    <MaxVersion>0</MaxVersion>
  </TypeVersionTuple>
  <TypeVersionTuple>
    <Type>cdir_military_generator_unit_groups_tables</Type>
    <MaxVersion>0</MaxVersion>
  </TypeVersionTuple>
  <TypeVersionTuple>
    <Type>cdir_military_generator_unit_qualities_tables</Type>
    <MaxVersion>1</MaxVersion>
  </TypeVersionTuple>
  <TypeVersionTuple>
    <Type>cdir_unit_balance_group_qualities_tables</Type>
    <MaxVersion>0</MaxVersion>
  </TypeVersionTuple>
  <TypeVersionTuple>
    <Type>cdir_unit_balance_groups_tables</Type>
    <MaxVersion>0</MaxVersion>
  </TypeVersionTuple>
  <TypeVersionTuple>
    <Type>cdir_unit_balance_template_junctions_tables</Type>
    <MaxVersion>0</MaxVersion>
  </TypeVersionTuple>
  <TypeVersionTuple>
    <Type>cdir_unit_balances_tables</Type>
    <MaxVersion>2</MaxVersion>
  </TypeVersionTuple>
  <TypeVersionTuple>
    <Type>cdir_unit_qualities_tables</Type>
    <MaxVersion>0</MaxVersion>
  </TypeVersionTuple>
  <TypeVersionTuple>
    <Type>character_experience_skill_tiers_tables</Type>
    <MaxVersion>2</MaxVersion>
  </TypeVersionTuple>
  <TypeVersionTuple>
    <Type>character_skill_level_details_tables</Type>
    <MaxVersion>0</MaxVersion>
  </TypeVersionTuple>
  <TypeVersionTuple>
    <Type>character_skill_level_to_effects_junctions_tables</Type>
    <MaxVersion>1</MaxVersion>
  </TypeVersionTuple>
  <TypeVersionTuple>
    <Type>character_skill_node_links_tables</Type>
    <MaxVersion>1</MaxVersion>
  </TypeVersionTuple>
  <TypeVersionTuple>
    <Type>character_skill_node_sets_tables</Type>
    <MaxVersion>1</MaxVersion>
  </TypeVersionTuple>
  <TypeVersionTuple>
    <Type>character_skill_nodes_tables</Type>
    <MaxVersion>1</MaxVersion>
  </TypeVersionTuple>
  <TypeVersionTuple>
    <Type>character_skills_tables</Type>
    <MaxVersion>3</MaxVersion>
  </TypeVersionTuple>
  <TypeVersionTuple>
    <Type>character_trait_levels_tables</Type>
    <MaxVersion>0</MaxVersion>
  </TypeVersionTuple>
  <TypeVersionTuple>
    <Type>character_traits_tables</Type>
    <MaxVersion>1</MaxVersion>
  </TypeVersionTuple>
  <TypeVersionTuple>
    <Type>chariot_types_enums_tables</Type>
    <MaxVersion>0</MaxVersion>
  </TypeVersionTuple>
  <TypeVersionTuple>
    <Type>chat_shortcuts_tables</Type>
    <MaxVersion>0</MaxVersion>
  </TypeVersionTuple>
  <TypeVersionTuple>
    <Type>climate_to_tilesets_tables</Type>
    <MaxVersion>0</MaxVersion>
  </TypeVersionTuple>
  <TypeVersionTuple>
    <Type>climates_tables</Type>
    <MaxVersion>0</MaxVersion>
  </TypeVersionTuple>
  <TypeVersionTuple>
    <Type>commander_unit_permissions_tables</Type>
    <MaxVersion>0</MaxVersion>
  </TypeVersionTuple>
  <TypeVersionTuple>
    <Type>commodities_demand_drivers_tables</Type>
    <MaxVersion>0</MaxVersion>
  </TypeVersionTuple>
  <TypeVersionTuple>
    <Type>commodities_demand_junction_tables</Type>
    <MaxVersion>0</MaxVersion>
  </TypeVersionTuple>
  <TypeVersionTuple>
    <Type>commodities_tables</Type>
    <MaxVersion>0</MaxVersion>
  </TypeVersionTuple>
  <TypeVersionTuple>
    <Type>commodity_unit_names_tables</Type>
    <MaxVersion>0</MaxVersion>
  </TypeVersionTuple>
  <TypeVersionTuple>
    <Type>culture_settlement_occupation_options_tables</Type>
    <MaxVersion>0</MaxVersion>
  </TypeVersionTuple>
  <TypeVersionTuple>
    <Type>cultures_subcultures_tables</Type>
    <MaxVersion>0</MaxVersion>
  </TypeVersionTuple>
  <TypeVersionTuple>
    <Type>cultures_tables</Type>
    <MaxVersion>3</MaxVersion>
  </TypeVersionTuple>
  <TypeVersionTuple>
    <Type>cursor_transitions_tables</Type>
    <MaxVersion>0</MaxVersion>
  </TypeVersionTuple>
  <TypeVersionTuple>
    <Type>cursors_tables</Type>
    <MaxVersion>2</MaxVersion>
  </TypeVersionTuple>
  <TypeVersionTuple>
    <Type>cursus_honorum_level_requirements_tables</Type>
    <MaxVersion>1</MaxVersion>
  </TypeVersionTuple>
  <TypeVersionTuple>
    <Type>cursus_honorum_trait_junctions_tables</Type>
    <MaxVersion>1</MaxVersion>
  </TypeVersionTuple>
  <TypeVersionTuple>
    <Type>deployables_custom_battles_tables</Type>
    <MaxVersion>0</MaxVersion>
  </TypeVersionTuple>
  <TypeVersionTuple>
    <Type>deployables_tables</Type>
    <MaxVersion>6</MaxVersion>
  </TypeVersionTuple>
  <TypeVersionTuple>
    <Type>dilemma_to_campaign_subject_junctions_tables</Type>
    <MaxVersion>0</MaxVersion>
  </TypeVersionTuple>
  <TypeVersionTuple>
    <Type>dilemmas_tables</Type>
    <MaxVersion>2</MaxVersion>
  </TypeVersionTuple>
  <TypeVersionTuple>
    <Type>diplomacy_current_treaties_to_diplomatic_options_tables</Type>
    <MaxVersion>0</MaxVersion>
  </TypeVersionTuple>
  <TypeVersionTuple>
    <Type>diplomacy_keys_tables</Type>
    <MaxVersion>0</MaxVersion>
  </TypeVersionTuple>
  <TypeVersionTuple>
    <Type>diplomacy_negotiation_attitude_override_strings_tables</Type>
    <MaxVersion>0</MaxVersion>
  </TypeVersionTuple>
  <TypeVersionTuple>
    <Type>diplomacy_negotiation_attitudes_tables</Type>
    <MaxVersion>0</MaxVersion>
  </TypeVersionTuple>
  <TypeVersionTuple>
    <Type>diplomacy_negotiation_faction_attitude_override_strings_tables</Type>
    <MaxVersion>0</MaxVersion>
  </TypeVersionTuple>
  <TypeVersionTuple>
    <Type>diplomacy_negotiation_faction_override_strings_tables</Type>
    <MaxVersion>1</MaxVersion>
  </TypeVersionTuple>
  <TypeVersionTuple>
    <Type>diplomacy_negotiation_string_options_tables</Type>
    <MaxVersion>1</MaxVersion>
  </TypeVersionTuple>
  <TypeVersionTuple>
    <Type>diplomacy_negotiation_strings_tables</Type>
    <MaxVersion>0</MaxVersion>
  </TypeVersionTuple>
  <TypeVersionTuple>
    <Type>diplomacy_strings_tables</Type>
    <MaxVersion>0</MaxVersion>
  </TypeVersionTuple>
  <TypeVersionTuple>
    <Type>diplomatic_action_faction_restrictions_tables</Type>
    <MaxVersion>0</MaxVersion>
  </TypeVersionTuple>
  <TypeVersionTuple>
    <Type>diplomatic_action_subculture_restrictions_tables</Type>
    <MaxVersion>0</MaxVersion>
  </TypeVersionTuple>
  <TypeVersionTuple>
    <Type>diplomatic_relations_attitudes_tables</Type>
    <MaxVersion>0</MaxVersion>
  </TypeVersionTuple>
  <TypeVersionTuple>
    <Type>diplomatic_relations_religion_tables</Type>
    <MaxVersion>0</MaxVersion>
  </TypeVersionTuple>
  <TypeVersionTuple>
    <Type>effect_bonus_value_agent_junction_tables</Type>
    <MaxVersion>0</MaxVersion>
  </TypeVersionTuple>
  <TypeVersionTuple>
    <Type>effect_bonus_value_basic_junction_tables</Type>
    <MaxVersion>0</MaxVersion>
  </TypeVersionTuple>
  <TypeVersionTuple>
    <Type>effect_bonus_value_battle_context_junctions_tables</Type>
    <MaxVersion>0</MaxVersion>
  </TypeVersionTuple>
  <TypeVersionTuple>
    <Type>effect_bonus_value_battlefield_deployables_junctions_tables</Type>
    <MaxVersion>0</MaxVersion>
  </TypeVersionTuple>
  <TypeVersionTuple>
    <Type>effect_bonus_value_building_chain_junctions_tables</Type>
    <MaxVersion>0</MaxVersion>
  </TypeVersionTuple>
  <TypeVersionTuple>
    <Type>effect_bonus_value_building_set_junctions_tables</Type>
    <MaxVersion>0</MaxVersion>
  </TypeVersionTuple>
  <TypeVersionTuple>
    <Type>effect_bonus_value_commodity_junction_tables</Type>
    <MaxVersion>0</MaxVersion>
  </TypeVersionTuple>
  <TypeVersionTuple>
    <Type>effect_bonus_value_id_action_results_additional_outcomes_junctions_tables</Type>
    <MaxVersion>0</MaxVersion>
  </TypeVersionTuple>
  <TypeVersionTuple>
    <Type>effect_bonus_value_ids_unit_sets_tables</Type>
    <MaxVersion>0</MaxVersion>
  </TypeVersionTuple>
  <TypeVersionTuple>
    <Type>effect_bonus_value_population_class_and_religion_junction_tables</Type>
    <MaxVersion>0</MaxVersion>
  </TypeVersionTuple>
  <TypeVersionTuple>
    <Type>effect_bonus_value_population_class_junction_tables</Type>
    <MaxVersion>0</MaxVersion>
  </TypeVersionTuple>
  <TypeVersionTuple>
    <Type>effect_bonus_value_projectile_junctions_tables</Type>
    <MaxVersion>1</MaxVersion>
  </TypeVersionTuple>
  <TypeVersionTuple>
    <Type>effect_bonus_value_provincial_initiative_effect_record_junctions_tables</Type>
    <MaxVersion>1</MaxVersion>
  </TypeVersionTuple>
  <TypeVersionTuple>
    <Type>effect_bonus_value_religion_junction_tables</Type>
    <MaxVersion>0</MaxVersion>
  </TypeVersionTuple>
  <TypeVersionTuple>
    <Type>effect_bonus_value_resource_junction_tables</Type>
    <MaxVersion>0</MaxVersion>
  </TypeVersionTuple>
  <TypeVersionTuple>
    <Type>effect_bonus_value_shot_type_junctions_tables</Type>
    <MaxVersion>0</MaxVersion>
  </TypeVersionTuple>
  <TypeVersionTuple>
    <Type>effect_bonus_value_siege_item_junctions_tables</Type>
    <MaxVersion>0</MaxVersion>
  </TypeVersionTuple>
  <TypeVersionTuple>
    <Type>effect_bonus_value_technology_category_junctions_tables</Type>
    <MaxVersion>0</MaxVersion>
  </TypeVersionTuple>
  <TypeVersionTuple>
    <Type>effect_bonus_value_unit_ability_junctions_tables</Type>
    <MaxVersion>0</MaxVersion>
  </TypeVersionTuple>
  <TypeVersionTuple>
    <Type>effect_bonus_value_unit_caste_junctions_tables</Type>
    <MaxVersion>0</MaxVersion>
  </TypeVersionTuple>
  <TypeVersionTuple>
    <Type>effect_bonus_value_unit_caste_stat_modifiers_junctions_tables</Type>
    <MaxVersion>0</MaxVersion>
  </TypeVersionTuple>
  <TypeVersionTuple>
    <Type>effect_bonus_value_unit_category_junction_tables</Type>
    <MaxVersion>0</MaxVersion>
  </TypeVersionTuple>
  <TypeVersionTuple>
    <Type>effect_bonus_value_unit_category_stat_modifiers_junctions_tables</Type>
    <MaxVersion>0</MaxVersion>
  </TypeVersionTuple>
  <TypeVersionTuple>
    <Type>effect_bonus_value_unit_class_junction_tables</Type>
    <MaxVersion>0</MaxVersion>
  </TypeVersionTuple>
  <TypeVersionTuple>
    <Type>effect_bonus_value_unit_class_stat_modifiers_junctions_tables</Type>
    <MaxVersion>0</MaxVersion>
  </TypeVersionTuple>
  <TypeVersionTuple>
    <Type>effect_bonus_value_unit_record_junctions_tables</Type>
    <MaxVersion>0</MaxVersion>
  </TypeVersionTuple>
  <TypeVersionTuple>
    <Type>effect_bonus_value_unit_record_stat_modifiers_junctions_tables</Type>
    <MaxVersion>0</MaxVersion>
  </TypeVersionTuple>
  <TypeVersionTuple>
    <Type>effect_bonus_value_unit_stat_modifiers_junctions_tables</Type>
    <MaxVersion>0</MaxVersion>
  </TypeVersionTuple>
  <TypeVersionTuple>
    <Type>effect_bundle_advancement_stages_tables</Type>
    <MaxVersion>0</MaxVersion>
  </TypeVersionTuple>
  <TypeVersionTuple>
    <Type>effect_bundles_tables</Type>
    <MaxVersion>1</MaxVersion>
  </TypeVersionTuple>
  <TypeVersionTuple>
    <Type>effect_bundles_to_effects_junctions_tables</Type>
    <MaxVersion>2</MaxVersion>
  </TypeVersionTuple>
  <TypeVersionTuple>
    <Type>effects_tables</Type>
    <MaxVersion>1</MaxVersion>
  </TypeVersionTuple>
  <TypeVersionTuple>
    <Type>empires_regions_junct_tables</Type>
    <MaxVersion>0</MaxVersion>
  </TypeVersionTuple>
  <TypeVersionTuple>
    <Type>empires_tables</Type>
    <MaxVersion>0</MaxVersion>
  </TypeVersionTuple>
  <TypeVersionTuple>
    <Type>encyclopedia_blocks_tables</Type>
    <MaxVersion>1</MaxVersion>
  </TypeVersionTuple>
  <TypeVersionTuple>
    <Type>encyclopedia_building_redirects_tables</Type>
    <MaxVersion>0</MaxVersion>
  </TypeVersionTuple>
  <TypeVersionTuple>
    <Type>encyclopedia_page_linkages_tables</Type>
    <MaxVersion>1</MaxVersion>
  </TypeVersionTuple>
  <TypeVersionTuple>
    <Type>encyclopedia_page_related_links_tables</Type>
    <MaxVersion>0</MaxVersion>
  </TypeVersionTuple>
  <TypeVersionTuple>
    <Type>encyclopedia_pages_tables</Type>
    <MaxVersion>0</MaxVersion>
  </TypeVersionTuple>
  <TypeVersionTuple>
    <Type>encyclopedia_template_strings_tables</Type>
    <MaxVersion>0</MaxVersion>
  </TypeVersionTuple>
  <TypeVersionTuple>
    <Type>encyclopedia_unit_redirects_tables</Type>
    <MaxVersion>0</MaxVersion>
  </TypeVersionTuple>
  <TypeVersionTuple>
    <Type>entity_training_levels_tables</Type>
    <MaxVersion>0</MaxVersion>
  </TypeVersionTuple>
  <TypeVersionTuple>
    <Type>event_log_descriptions_tables</Type>
    <MaxVersion>3</MaxVersion>
  </TypeVersionTuple>
  <TypeVersionTuple>
    <Type>events_effect_group_junct_tables</Type>
    <MaxVersion>0</MaxVersion>
  </TypeVersionTuple>
  <TypeVersionTuple>
    <Type>events_hist_chars_junct_tables</Type>
    <MaxVersion>0</MaxVersion>
  </TypeVersionTuple>
  <TypeVersionTuple>
    <Type>events_tables</Type>
    <MaxVersion>1</MaxVersion>
  </TypeVersionTuple>
  <TypeVersionTuple>
    <Type>events_view_group_junct_tables</Type>
    <MaxVersion>0</MaxVersion>
  </TypeVersionTuple>
  <TypeVersionTuple>
    <Type>experience_triggers_tables</Type>
    <MaxVersion>0</MaxVersion>
  </TypeVersionTuple>
  <TypeVersionTuple>
    <Type>f2p_characters_tables</Type>
    <MaxVersion>1</MaxVersion>
  </TypeVersionTuple>
  <TypeVersionTuple>
    <Type>f2p_f2p_item_table_lookups_tables</Type>
    <MaxVersion>0</MaxVersion>
  </TypeVersionTuple>
  <TypeVersionTuple>
    <Type>f2p_f2p_item_to_table_mappings_tables</Type>
    <MaxVersion>0</MaxVersion>
  </TypeVersionTuple>
  <TypeVersionTuple>
    <Type>f2p_factions_tables</Type>
    <MaxVersion>0</MaxVersion>
  </TypeVersionTuple>
  <TypeVersionTuple>
    <Type>f2p_item_lookups_tables</Type>
    <MaxVersion>0</MaxVersion>
  </TypeVersionTuple>
  <TypeVersionTuple>
    <Type>f2p_object_mappings_tables</Type>
    <MaxVersion>1</MaxVersion>
  </TypeVersionTuple>
  <TypeVersionTuple>
    <Type>f2p_purchase_option_items_tables</Type>
    <MaxVersion>2</MaxVersion>
  </TypeVersionTuple>
  <TypeVersionTuple>
    <Type>f2p_purchase_options_tables</Type>
    <MaxVersion>0</MaxVersion>
  </TypeVersionTuple>
  <TypeVersionTuple>
    <Type>f2p_squad_lookups_tables</Type>
    <MaxVersion>0</MaxVersion>
  </TypeVersionTuple>
  <TypeVersionTuple>
    <Type>f2p_squads_tables</Type>
    <MaxVersion>1</MaxVersion>
  </TypeVersionTuple>
  <TypeVersionTuple>
    <Type>f2p_unit_squad_mappings_tables</Type>
    <MaxVersion>0</MaxVersion>
  </TypeVersionTuple>
  <TypeVersionTuple>
    <Type>faction_banners_tables</Type>
    <MaxVersion>0</MaxVersion>
  </TypeVersionTuple>
  <TypeVersionTuple>
    <Type>faction_civil_war_setups_tables</Type>
    <MaxVersion>0</MaxVersion>
  </TypeVersionTuple>
  <TypeVersionTuple>
    <Type>faction_groups_tables</Type>
    <MaxVersion>0</MaxVersion>
  </TypeVersionTuple>
  <TypeVersionTuple>
    <Type>faction_political_parties_junctions_tables</Type>
    <MaxVersion>0</MaxVersion>
  </TypeVersionTuple>
  <TypeVersionTuple>
    <Type>faction_rebellion_units_junctions_tables</Type>
    <MaxVersion>0</MaxVersion>
  </TypeVersionTuple>
  <TypeVersionTuple>
    <Type>faction_resource_consumptions_tables</Type>
    <MaxVersion>0</MaxVersion>
  </TypeVersionTuple>
  <TypeVersionTuple>
    <Type>faction_to_faction_groups_junctions_tables</Type>
    <MaxVersion>0</MaxVersion>
  </TypeVersionTuple>
  <TypeVersionTuple>
    <Type>faction_to_mercenary_set_junctions_tables</Type>
    <MaxVersion>0</MaxVersion>
  </TypeVersionTuple>
  <TypeVersionTuple>
    <Type>faction_uniform_colours_tables</Type>
    <MaxVersion>0</MaxVersion>
  </TypeVersionTuple>
  <TypeVersionTuple>
    <Type>faction_variables_optional_overrides_tables</Type>
    <MaxVersion>0</MaxVersion>
  </TypeVersionTuple>
  <TypeVersionTuple>
    <Type>faction_variables_tables</Type>
    <MaxVersion>0</MaxVersion>
  </TypeVersionTuple>
  <TypeVersionTuple>
    <Type>factions_tables</Type>
    <MaxVersion>14</MaxVersion>
  </TypeVersionTuple>
  <TypeVersionTuple>
    <Type>fame_levels_tables</Type>
    <MaxVersion>4</MaxVersion>
  </TypeVersionTuple>
  <TypeVersionTuple>
    <Type>family_relationship_types_tables</Type>
    <MaxVersion>0</MaxVersion>
  </TypeVersionTuple>
  <TypeVersionTuple>
    <Type>famous_battle_pools_tables</Type>
    <MaxVersion>0</MaxVersion>
  </TypeVersionTuple>
  <TypeVersionTuple>
    <Type>first_person_engines_tables</Type>
    <MaxVersion>1</MaxVersion>
  </TypeVersionTuple>
  <TypeVersionTuple>
    <Type>font_names_tables</Type>
    <MaxVersion>0</MaxVersion>
  </TypeVersionTuple>
  <TypeVersionTuple>
    <Type>fonts_tables</Type>
    <MaxVersion>0</MaxVersion>
  </TypeVersionTuple>
  <TypeVersionTuple>
    <Type>formations_tables</Type>
    <MaxVersion>2</MaxVersion>
  </TypeVersionTuple>
  <TypeVersionTuple>
    <Type>formations_to_subcultures_tables</Type>
    <MaxVersion>0</MaxVersion>
  </TypeVersionTuple>
  <TypeVersionTuple>
    <Type>fort_underlay_climate_jcts_tables</Type>
    <MaxVersion>0</MaxVersion>
  </TypeVersionTuple>
  <TypeVersionTuple>
    <Type>frontend_faction_leaders_tables</Type>
    <MaxVersion>3</MaxVersion>
  </TypeVersionTuple>
  <TypeVersionTuple>
    <Type>game_area_enums_tables</Type>
    <MaxVersion>0</MaxVersion>
  </TypeVersionTuple>
  <TypeVersionTuple>
    <Type>general_command_star_level_effects_tables</Type>
    <MaxVersion>0</MaxVersion>
  </TypeVersionTuple>
  <TypeVersionTuple>
    <Type>government_types_tables</Type>
    <MaxVersion>0</MaxVersion>
  </TypeVersionTuple>
  <TypeVersionTuple>
    <Type>government_types_to_effects_tables</Type>
    <MaxVersion>0</MaxVersion>
  </TypeVersionTuple>
  <TypeVersionTuple>
    <Type>governorships_tables</Type>
    <MaxVersion>0</MaxVersion>
  </TypeVersionTuple>
  <TypeVersionTuple>
    <Type>ground_type_to_stat_effects_tables</Type>
    <MaxVersion>1</MaxVersion>
  </TypeVersionTuple>
  <TypeVersionTuple>
    <Type>ground_types_tables</Type>
    <MaxVersion>2</MaxVersion>
  </TypeVersionTuple>
  <TypeVersionTuple>
    <Type>groupings_continents_junct_tables</Type>
    <MaxVersion>0</MaxVersion>
  </TypeVersionTuple>
  <TypeVersionTuple>
    <Type>groupings_cultures_junct_tables</Type>
    <MaxVersion>0</MaxVersion>
  </TypeVersionTuple>
  <TypeVersionTuple>
    <Type>groupings_empires_junct_tables</Type>
    <MaxVersion>0</MaxVersion>
  </TypeVersionTuple>
  <TypeVersionTuple>
    <Type>groupings_factions_junct_tables</Type>
    <MaxVersion>0</MaxVersion>
  </TypeVersionTuple>
  <TypeVersionTuple>
    <Type>groupings_military_tables</Type>
    <MaxVersion>0</MaxVersion>
  </TypeVersionTuple>
  <TypeVersionTuple>
    <Type>groupings_regions_junct_tables</Type>
    <MaxVersion>0</MaxVersion>
  </TypeVersionTuple>
  <TypeVersionTuple>
    <Type>groupings_subcultures_junct_tables</Type>
    <MaxVersion>0</MaxVersion>
  </TypeVersionTuple>
  <TypeVersionTuple>
    <Type>groupings_tables</Type>
    <MaxVersion>0</MaxVersion>
  </TypeVersionTuple>
  <TypeVersionTuple>
    <Type>gun_type_to_projectiles_tables</Type>
    <MaxVersion>0</MaxVersion>
  </TypeVersionTuple>
  <TypeVersionTuple>
    <Type>gun_types_tables</Type>
    <MaxVersion>2</MaxVersion>
  </TypeVersionTuple>
  <TypeVersionTuple>
    <Type>historical_battles_ui_locations_tables</Type>
    <MaxVersion>1</MaxVersion>
  </TypeVersionTuple>
  <TypeVersionTuple>
    <Type>historical_character_traits_tables</Type>
    <MaxVersion>0</MaxVersion>
  </TypeVersionTuple>
  <TypeVersionTuple>
    <Type>historical_characters_tables</Type>
    <MaxVersion>6</MaxVersion>
  </TypeVersionTuple>
  <TypeVersionTuple>
    <Type>honour_effects_tables</Type>
    <MaxVersion>0</MaxVersion>
  </TypeVersionTuple>
  <TypeVersionTuple>
    <Type>honour_factors_tables</Type>
    <MaxVersion>0</MaxVersion>
  </TypeVersionTuple>
  <TypeVersionTuple>
    <Type>incident_heading_texts_tables</Type>
    <MaxVersion>0</MaxVersion>
  </TypeVersionTuple>
  <TypeVersionTuple>
    <Type>incidents_tables</Type>
    <MaxVersion>3</MaxVersion>
  </TypeVersionTuple>
  <TypeVersionTuple>
    <Type>land_unit_articulated_vehicles_tables</Type>
    <MaxVersion>0</MaxVersion>
  </TypeVersionTuple>
  <TypeVersionTuple>
    <Type>land_units_officers_tables</Type>
    <MaxVersion>2</MaxVersion>
  </TypeVersionTuple>
  <TypeVersionTuple>
    <Type>land_units_tables</Type>
    <MaxVersion>27</MaxVersion>
  </TypeVersionTuple>
  <TypeVersionTuple>
    <Type>land_units_to_unit_abilites_junctions_tables</Type>
    <MaxVersion>0</MaxVersion>
  </TypeVersionTuple>
  <TypeVersionTuple>
    <Type>loyalty_effects_tables</Type>
    <MaxVersion>0</MaxVersion>
  </TypeVersionTuple>
  <TypeVersionTuple>
    <Type>loyalty_factors_tables</Type>
    <MaxVersion>0</MaxVersion>
  </TypeVersionTuple>
  <TypeVersionTuple>
    <Type>main_units_tables</Type>
    <MaxVersion>13</MaxVersion>
  </TypeVersionTuple>
  <TypeVersionTuple>
    <Type>melee_weapons_tables</Type>
    <MaxVersion>6</MaxVersion>
  </TypeVersionTuple>
  <TypeVersionTuple>
    <Type>mercenary_pool_modifiers_tables</Type>
    <MaxVersion>0</MaxVersion>
  </TypeVersionTuple>
  <TypeVersionTuple>
    <Type>mercenary_pool_to_groups_junctions_tables</Type>
    <MaxVersion>1</MaxVersion>
  </TypeVersionTuple>
  <TypeVersionTuple>
    <Type>mercenary_pool_type_enums_tables</Type>
    <MaxVersion>0</MaxVersion>
  </TypeVersionTuple>
  <TypeVersionTuple>
    <Type>mercenary_pools_tables</Type>
    <MaxVersion>1</MaxVersion>
  </TypeVersionTuple>
  <TypeVersionTuple>
    <Type>mercenary_unit_groups_tables</Type>
    <MaxVersion>0</MaxVersion>
  </TypeVersionTuple>
  <TypeVersionTuple>
    <Type>message_event_strings_tables</Type>
    <MaxVersion>3</MaxVersion>
  </TypeVersionTuple>
  <TypeVersionTuple>
    <Type>message_events_tables</Type>
    <MaxVersion>1</MaxVersion>
  </TypeVersionTuple>
  <TypeVersionTuple>
    <Type>military_force_legacy_emblems_tables</Type>
    <MaxVersion>2</MaxVersion>
  </TypeVersionTuple>
  <TypeVersionTuple>
    <Type>military_force_legacy_names_tables</Type>
    <MaxVersion>1</MaxVersion>
  </TypeVersionTuple>
  <TypeVersionTuple>
    <Type>ministerial_effectiveness_modifiers_tables</Type>
    <MaxVersion>0</MaxVersion>
  </TypeVersionTuple>
  <TypeVersionTuple>
    <Type>ministerial_position_default_names_tables</Type>
    <MaxVersion>0</MaxVersion>
  </TypeVersionTuple>
  <TypeVersionTuple>
    <Type>ministerial_positions_by_gov_types_tables</Type>
    <MaxVersion>2</MaxVersion>
  </TypeVersionTuple>
  <TypeVersionTuple>
    <Type>ministerial_positions_switching_loyalty_effects_tables</Type>
    <MaxVersion>0</MaxVersion>
  </TypeVersionTuple>
  <TypeVersionTuple>
    <Type>ministerial_positions_tables</Type>
    <MaxVersion>0</MaxVersion>
  </TypeVersionTuple>
  <TypeVersionTuple>
    <Type>ministerial_positions_to_character_effects_tables</Type>
    <MaxVersion>0</MaxVersion>
  </TypeVersionTuple>
  <TypeVersionTuple>
    <Type>ministerial_positions_to_effects_tables</Type>
    <MaxVersion>0</MaxVersion>
  </TypeVersionTuple>
  <TypeVersionTuple>
    <Type>ministerial_positions_to_governorships_tables</Type>
    <MaxVersion>0</MaxVersion>
  </TypeVersionTuple>
  <TypeVersionTuple>
    <Type>missile_weapons_models_tables</Type>
    <MaxVersion>2</MaxVersion>
  </TypeVersionTuple>
  <TypeVersionTuple>
    <Type>missile_weapons_tables</Type>
    <MaxVersion>6</MaxVersion>
  </TypeVersionTuple>
  <TypeVersionTuple>
    <Type>missile_weapons_to_projectiles_tables</Type>
    <MaxVersion>0</MaxVersion>
  </TypeVersionTuple>
  <TypeVersionTuple>
    <Type>mission_issuers_tables</Type>
    <MaxVersion>0</MaxVersion>
  </TypeVersionTuple>
  <TypeVersionTuple>
    <Type>missions_tables</Type>
    <MaxVersion>1</MaxVersion>
  </TypeVersionTuple>
  <TypeVersionTuple>
    <Type>models_artillery_tables</Type>
    <MaxVersion>0</MaxVersion>
  </TypeVersionTuple>
  <TypeVersionTuple>
    <Type>models_building_tables</Type>
    <MaxVersion>3</MaxVersion>
  </TypeVersionTuple>
  <TypeVersionTuple>
    <Type>models_deployables_tables</Type>
    <MaxVersion>0</MaxVersion>
  </TypeVersionTuple>
  <TypeVersionTuple>
    <Type>models_entity_weapons_tables</Type>
    <MaxVersion>0</MaxVersion>
  </TypeVersionTuple>
  <TypeVersionTuple>
    <Type>models_naval_tables</Type>
    <MaxVersion>11</MaxVersion>
  </TypeVersionTuple>
  <TypeVersionTuple>
    <Type>models_oars_tables</Type>
    <MaxVersion>1</MaxVersion>
  </TypeVersionTuple>
  <TypeVersionTuple>
    <Type>models_sieges_tables</Type>
    <MaxVersion>2</MaxVersion>
  </TypeVersionTuple>
  <TypeVersionTuple>
    <Type>mount_variants_tables</Type>
    <MaxVersion>0</MaxVersion>
  </TypeVersionTuple>
  <TypeVersionTuple>
    <Type>mountable_artillery_units_custom_battles_tables</Type>
    <MaxVersion>1</MaxVersion>
  </TypeVersionTuple>
  <TypeVersionTuple>
    <Type>mountable_artillery_units_tables</Type>
    <MaxVersion>0</MaxVersion>
  </TypeVersionTuple>
  <TypeVersionTuple>
    <Type>mounts_tables</Type>
    <MaxVersion>3</MaxVersion>
  </TypeVersionTuple>
  <TypeVersionTuple>
    <Type>movie_event_strings_tables</Type>
    <MaxVersion>0</MaxVersion>
  </TypeVersionTuple>
  <TypeVersionTuple>
    <Type>mp_budgets_tables</Type>
    <MaxVersion>0</MaxVersion>
  </TypeVersionTuple>
  <TypeVersionTuple>
    <Type>mp_force_gen_army_sizes_by_budgets_tables</Type>
    <MaxVersion>0</MaxVersion>
  </TypeVersionTuple>
  <TypeVersionTuple>
    <Type>mp_force_gen_template_junctions_tables</Type>
    <MaxVersion>3</MaxVersion>
  </TypeVersionTuple>
  <TypeVersionTuple>
    <Type>mp_force_gen_upgrade_junctions_tables</Type>
    <MaxVersion>0</MaxVersion>
  </TypeVersionTuple>
  <TypeVersionTuple>
    <Type>mp_force_gen_upgrade_probabilities_tables</Type>
    <MaxVersion>0</MaxVersion>
  </TypeVersionTuple>
  <TypeVersionTuple>
    <Type>mp_general_command_ratings_tables</Type>
    <MaxVersion>0</MaxVersion>
  </TypeVersionTuple>
  <TypeVersionTuple>
    <Type>multiplayer_mininum_length_funds_tables</Type>
    <MaxVersion>0</MaxVersion>
  </TypeVersionTuple>
  <TypeVersionTuple>
    <Type>name_order_overrides_tables</Type>
    <MaxVersion>0</MaxVersion>
  </TypeVersionTuple>
  <TypeVersionTuple>
    <Type>name_orders_tables</Type>
    <MaxVersion>0</MaxVersion>
  </TypeVersionTuple>
  <TypeVersionTuple>
    <Type>names_forts_tables</Type>
    <MaxVersion>1</MaxVersion>
  </TypeVersionTuple>
  <TypeVersionTuple>
    <Type>names_groups_tables</Type>
    <MaxVersion>1</MaxVersion>
  </TypeVersionTuple>
  <TypeVersionTuple>
    <Type>names_royalty_tables</Type>
    <MaxVersion>1</MaxVersion>
  </TypeVersionTuple>
  <TypeVersionTuple>
    <Type>names_tables</Type>
    <MaxVersion>1</MaxVersion>
  </TypeVersionTuple>
  <TypeVersionTuple>
    <Type>naval_effects_tables</Type>
    <MaxVersion>0</MaxVersion>
  </TypeVersionTuple>
  <TypeVersionTuple>
    <Type>naval_fire_junctions_tables</Type>
    <MaxVersion>0</MaxVersion>
  </TypeVersionTuple>
  <TypeVersionTuple>
    <Type>naval_ramming_events_tables</Type>
    <MaxVersion>0</MaxVersion>
  </TypeVersionTuple>
  <TypeVersionTuple>
    <Type>naval_units_tables</Type>
    <MaxVersion>17</MaxVersion>
  </TypeVersionTuple>
  <TypeVersionTuple>
    <Type>naval_units_to_unit_abilites_junctions_tables</Type>
    <MaxVersion>0</MaxVersion>
  </TypeVersionTuple>
  <TypeVersionTuple>
    <Type>naval_weapons_enums_tables</Type>
    <MaxVersion>0</MaxVersion>
  </TypeVersionTuple>
  <TypeVersionTuple>
    <Type>naval_weapons_tables</Type>
    <MaxVersion>2</MaxVersion>
  </TypeVersionTuple>
  <TypeVersionTuple>
    <Type>particle_effects_tables</Type>
    <MaxVersion>0</MaxVersion>
  </TypeVersionTuple>
  <TypeVersionTuple>
    <Type>pdlc_tables</Type>
    <MaxVersion>3</MaxVersion>
  </TypeVersionTuple>
  <TypeVersionTuple>
    <Type>political_actions_dilemma_junctions_tables</Type>
    <MaxVersion>1</MaxVersion>
  </TypeVersionTuple>
  <TypeVersionTuple>
    <Type>political_actions_incidents_junctions_tables</Type>
    <MaxVersion>1</MaxVersion>
  </TypeVersionTuple>
  <TypeVersionTuple>
    <Type>political_actions_mission_junctions_tables</Type>
    <MaxVersion>1</MaxVersion>
  </TypeVersionTuple>
  <TypeVersionTuple>
    <Type>political_actions_tables</Type>
    <MaxVersion>0</MaxVersion>
  </TypeVersionTuple>
  <TypeVersionTuple>
    <Type>political_parties_power_effect_bundles_tables</Type>
    <MaxVersion>0</MaxVersion>
  </TypeVersionTuple>
  <TypeVersionTuple>
    <Type>political_parties_tables</Type>
    <MaxVersion>4</MaxVersion>
  </TypeVersionTuple>
  <TypeVersionTuple>
    <Type>population_classes_tables</Type>
    <MaxVersion>0</MaxVersion>
  </TypeVersionTuple>
  <TypeVersionTuple>
    <Type>pre_battle_speeches_tables</Type>
    <MaxVersion>1</MaxVersion>
  </TypeVersionTuple>
  <TypeVersionTuple>
    <Type>projectile_displays_tables</Type>
    <MaxVersion>3</MaxVersion>
  </TypeVersionTuple>
  <TypeVersionTuple>
    <Type>projectile_impacts_tables</Type>
    <MaxVersion>5</MaxVersion>
  </TypeVersionTuple>
  <TypeVersionTuple>
    <Type>projectile_shot_type_enum_tables</Type>
    <MaxVersion>3</MaxVersion>
  </TypeVersionTuple>
  <TypeVersionTuple>
    <Type>projectile_trails_tables</Type>
    <MaxVersion>0</MaxVersion>
  </TypeVersionTuple>
  <TypeVersionTuple>
    <Type>projectiles_explosions_tables</Type>
    <MaxVersion>3</MaxVersion>
  </TypeVersionTuple>
  <TypeVersionTuple>
    <Type>projectiles_missile_type_enum_tables</Type>
    <MaxVersion>0</MaxVersion>
  </TypeVersionTuple>
  <TypeVersionTuple>
    <Type>projectiles_tables</Type>
    <MaxVersion>20</MaxVersion>
  </TypeVersionTuple>
  <TypeVersionTuple>
    <Type>prologue_chapters_tables</Type>
    <MaxVersion>1</MaxVersion>
  </TypeVersionTuple>
  <TypeVersionTuple>
    <Type>prologue_loading_screens_tables</Type>
    <MaxVersion>1</MaxVersion>
  </TypeVersionTuple>
  <TypeVersionTuple>
    <Type>province_to_mercenary_set_junctions_tables</Type>
    <MaxVersion>0</MaxVersion>
  </TypeVersionTuple>
  <TypeVersionTuple>
    <Type>provinces_tables</Type>
    <MaxVersion>0</MaxVersion>
  </TypeVersionTuple>
  <TypeVersionTuple>
    <Type>provincial_initiative_records_tables</Type>
    <MaxVersion>2</MaxVersion>
  </TypeVersionTuple>
  <TypeVersionTuple>
    <Type>provincial_initiatives_to_subculture_junctions_tables</Type>
    <MaxVersion>0</MaxVersion>
  </TypeVersionTuple>
  <TypeVersionTuple>
    <Type>public_order_factors_tables</Type>
    <MaxVersion>1</MaxVersion>
  </TypeVersionTuple>
  <TypeVersionTuple>
    <Type>quotes_people_tables</Type>
    <MaxVersion>0</MaxVersion>
  </TypeVersionTuple>
  <TypeVersionTuple>
    <Type>quotes_tables</Type>
    <MaxVersion>0</MaxVersion>
  </TypeVersionTuple>
  <TypeVersionTuple>
    <Type>random_localisation_strings_tables</Type>
    <MaxVersion>0</MaxVersion>
  </TypeVersionTuple>
  <TypeVersionTuple>
    <Type>region_economics_factors_tables</Type>
    <MaxVersion>0</MaxVersion>
  </TypeVersionTuple>
  <TypeVersionTuple>
    <Type>region_groups_tables</Type>
    <MaxVersion>1</MaxVersion>
  </TypeVersionTuple>
  <TypeVersionTuple>
    <Type>region_religions_tables</Type>
    <MaxVersion>0</MaxVersion>
  </TypeVersionTuple>
  <TypeVersionTuple>
    <Type>region_to_province_junctions_tables</Type>
    <MaxVersion>0</MaxVersion>
  </TypeVersionTuple>
  <TypeVersionTuple>
    <Type>region_unit_resources_tables</Type>
    <MaxVersion>0</MaxVersion>
  </TypeVersionTuple>
  <TypeVersionTuple>
    <Type>regions_continents_tables</Type>
    <MaxVersion>0</MaxVersion>
  </TypeVersionTuple>
  <TypeVersionTuple>
    <Type>regions_tables</Type>
    <MaxVersion>3</MaxVersion>
  </TypeVersionTuple>
  <TypeVersionTuple>
    <Type>regions_to_region_groups_junctions_tables</Type>
    <MaxVersion>0</MaxVersion>
  </TypeVersionTuple>
  <TypeVersionTuple>
    <Type>religion_conversion_mods_tables</Type>
    <MaxVersion>0</MaxVersion>
  </TypeVersionTuple>
  <TypeVersionTuple>
    <Type>religions_tables</Type>
    <MaxVersion>0</MaxVersion>
  </TypeVersionTuple>
  <TypeVersionTuple>
    <Type>resource_effects_tables</Type>
    <MaxVersion>0</MaxVersion>
  </TypeVersionTuple>
  <TypeVersionTuple>
    <Type>resources_tables</Type>
    <MaxVersion>2</MaxVersion>
  </TypeVersionTuple>
  <TypeVersionTuple>
    <Type>scripted_objectives_tables</Type>
    <MaxVersion>1</MaxVersion>
  </TypeVersionTuple>
  <TypeVersionTuple>
    <Type>scripted_subtitles_tables</Type>
    <MaxVersion>2</MaxVersion>
  </TypeVersionTuple>
  <TypeVersionTuple>
    <Type>sea_climate_details_tables</Type>
    <MaxVersion>0</MaxVersion>
  </TypeVersionTuple>
  <TypeVersionTuple>
    <Type>sea_surfaces_tables</Type>
    <MaxVersion>2</MaxVersion>
  </TypeVersionTuple>
  <TypeVersionTuple>
    <Type>season_attritions_tables</Type>
    <MaxVersion>0</MaxVersion>
  </TypeVersionTuple>
  <TypeVersionTuple>
    <Type>season_province_effect_bundles_tables</Type>
    <MaxVersion>0</MaxVersion>
  </TypeVersionTuple>
  <TypeVersionTuple>
    <Type>seasons_tables</Type>
    <MaxVersion>0</MaxVersion>
  </TypeVersionTuple>
  <TypeVersionTuple>
    <Type>ship_dbs_tables</Type>
    <MaxVersion>0</MaxVersion>
  </TypeVersionTuple>
  <TypeVersionTuple>
    <Type>ship_names_tables</Type>
    <MaxVersion>1</MaxVersion>
  </TypeVersionTuple>
  <TypeVersionTuple>
    <Type>slot_template_to_building_superchain_junctions_tables</Type>
    <MaxVersion>0</MaxVersion>
  </TypeVersionTuple>
  <TypeVersionTuple>
    <Type>slot_templates_tables</Type>
    <MaxVersion>0</MaxVersion>
  </TypeVersionTuple>
  <TypeVersionTuple>
    <Type>slot_types_tables</Type>
    <MaxVersion>0</MaxVersion>
  </TypeVersionTuple>
  <TypeVersionTuple>
    <Type>slots_art_tables</Type>
    <MaxVersion>0</MaxVersion>
  </TypeVersionTuple>
  <TypeVersionTuple>
    <Type>slots_gdp_values_tables</Type>
    <MaxVersion>0</MaxVersion>
  </TypeVersionTuple>
  <TypeVersionTuple>
    <Type>slots_tables</Type>
    <MaxVersion>1</MaxVersion>
  </TypeVersionTuple>
  <TypeVersionTuple>
    <Type>slots_templates_models_tables</Type>
    <MaxVersion>0</MaxVersion>
  </TypeVersionTuple>
  <TypeVersionTuple>
    <Type>small_vegetation_climates_jct_tables</Type>
    <MaxVersion>0</MaxVersion>
  </TypeVersionTuple>
  <TypeVersionTuple>
    <Type>sound_events_tables</Type>
    <MaxVersion>0</MaxVersion>
  </TypeVersionTuple>
  <TypeVersionTuple>
    <Type>special_ability_groups_tables</Type>
    <MaxVersion>1</MaxVersion>
  </TypeVersionTuple>
  <TypeVersionTuple>
    <Type>special_ability_groups_to_factions_junctions_tables</Type>
    <MaxVersion>0</MaxVersion>
  </TypeVersionTuple>
  <TypeVersionTuple>
    <Type>special_ability_groups_to_unit_abilities_junctions_tables</Type>
    <MaxVersion>1</MaxVersion>
  </TypeVersionTuple>
  <TypeVersionTuple>
    <Type>special_ability_invalid_usage_flags_tables</Type>
    <MaxVersion>0</MaxVersion>
  </TypeVersionTuple>
  <TypeVersionTuple>
    <Type>special_ability_phase_attribute_effects_tables</Type>
    <MaxVersion>0</MaxVersion>
  </TypeVersionTuple>
  <TypeVersionTuple>
    <Type>special_ability_phase_stat_effects_tables</Type>
    <MaxVersion>1</MaxVersion>
  </TypeVersionTuple>
  <TypeVersionTuple>
    <Type>special_ability_phases_tables</Type>
    <MaxVersion>11</MaxVersion>
  </TypeVersionTuple>
  <TypeVersionTuple>
    <Type>special_ability_to_auto_deactivate_flags_tables</Type>
    <MaxVersion>0</MaxVersion>
  </TypeVersionTuple>
  <TypeVersionTuple>
    <Type>special_ability_to_invalid_usage_flags_tables</Type>
    <MaxVersion>0</MaxVersion>
  </TypeVersionTuple>
  <TypeVersionTuple>
    <Type>special_ability_to_special_ability_phase_junctions_tables</Type>
    <MaxVersion>1</MaxVersion>
  </TypeVersionTuple>
  <TypeVersionTuple>
    <Type>spotting_and_hiding_values_tables</Type>
    <MaxVersion>1</MaxVersion>
  </TypeVersionTuple>
  <TypeVersionTuple>
    <Type>stances_tables</Type>
    <MaxVersion>0</MaxVersion>
  </TypeVersionTuple>
  <TypeVersionTuple>
    <Type>start_pos_faction_effect_bundles_tables</Type>
    <MaxVersion>0</MaxVersion>
  </TypeVersionTuple>
  <TypeVersionTuple>
    <Type>start_pos_family_relationships_tables</Type>
    <MaxVersion>1</MaxVersion>
  </TypeVersionTuple>
  <TypeVersionTuple>
    <Type>start_pos_past_events_tables</Type>
    <MaxVersion>0</MaxVersion>
  </TypeVersionTuple>
  <TypeVersionTuple>
    <Type>start_pos_region_slot_templates_tables</Type>
    <MaxVersion>0</MaxVersion>
  </TypeVersionTuple>
  <TypeVersionTuple>
    <Type>state_gift_values_tables</Type>
    <MaxVersion>0</MaxVersion>
  </TypeVersionTuple>
  <TypeVersionTuple>
    <Type>stats_clans_tables</Type>
    <MaxVersion>1</MaxVersion>
  </TypeVersionTuple>
  <TypeVersionTuple>
    <Type>stats_tables</Type>
    <MaxVersion>1</MaxVersion>
  </TypeVersionTuple>
  <TypeVersionTuple>
    <Type>subtitle_timings_tables</Type>
    <MaxVersion>0</MaxVersion>
  </TypeVersionTuple>
  <TypeVersionTuple>
    <Type>taxes_classes_tables</Type>
    <MaxVersion>0</MaxVersion>
  </TypeVersionTuple>
  <TypeVersionTuple>
    <Type>taxes_effects_jct_tables</Type>
    <MaxVersion>1</MaxVersion>
  </TypeVersionTuple>
  <TypeVersionTuple>
    <Type>taxes_keys_tables</Type>
    <MaxVersion>0</MaxVersion>
  </TypeVersionTuple>
  <TypeVersionTuple>
    <Type>taxes_levels_tables</Type>
    <MaxVersion>0</MaxVersion>
  </TypeVersionTuple>
  <TypeVersionTuple>
    <Type>team_colours_tables</Type>
    <MaxVersion>0</MaxVersion>
  </TypeVersionTuple>
  <TypeVersionTuple>
    <Type>technologies_tables</Type>
    <MaxVersion>4</MaxVersion>
  </TypeVersionTuple>
  <TypeVersionTuple>
    <Type>technology_categories_tables</Type>
    <MaxVersion>0</MaxVersion>
  </TypeVersionTuple>
  <TypeVersionTuple>
    <Type>technology_category_modules_tables</Type>
    <MaxVersion>0</MaxVersion>
  </TypeVersionTuple>
  <TypeVersionTuple>
    <Type>technology_category_parents_tables</Type>
    <MaxVersion>0</MaxVersion>
  </TypeVersionTuple>
  <TypeVersionTuple>
    <Type>technology_effects_junction_tables</Type>
    <MaxVersion>0</MaxVersion>
  </TypeVersionTuple>
  <TypeVersionTuple>
    <Type>technology_faction_junctions_tables</Type>
    <MaxVersion>0</MaxVersion>
  </TypeVersionTuple>
  <TypeVersionTuple>
    <Type>technology_node_links_tables</Type>
    <MaxVersion>1</MaxVersion>
  </TypeVersionTuple>
  <TypeVersionTuple>
    <Type>technology_node_sets_tables</Type>
    <MaxVersion>1</MaxVersion>
  </TypeVersionTuple>
  <TypeVersionTuple>
    <Type>technology_nodes_tables</Type>
    <MaxVersion>0</MaxVersion>
  </TypeVersionTuple>
  <TypeVersionTuple>
    <Type>technology_required_building_levels_junctions_tables</Type>
    <MaxVersion>0</MaxVersion>
  </TypeVersionTuple>
  <TypeVersionTuple>
    <Type>technology_required_technology_junctions_tables</Type>
    <MaxVersion>0</MaxVersion>
  </TypeVersionTuple>
  <TypeVersionTuple>
    <Type>technology_unit_upgrades_tables</Type>
    <MaxVersion>0</MaxVersion>
  </TypeVersionTuple>
  <TypeVersionTuple>
    <Type>terrain_tilesets_tables</Type>
    <MaxVersion>0</MaxVersion>
  </TypeVersionTuple>
  <TypeVersionTuple>
    <Type>town_wealth_growth_factors_tables</Type>
    <MaxVersion>0</MaxVersion>
  </TypeVersionTuple>
  <TypeVersionTuple>
    <Type>trade_details_tables</Type>
    <MaxVersion>0</MaxVersion>
  </TypeVersionTuple>
  <TypeVersionTuple>
    <Type>trade_display_campaign_originating_culture_produced_resource_trade_model_options_tables</Type>
    <MaxVersion>0</MaxVersion>
  </TypeVersionTuple>
  <TypeVersionTuple>
    <Type>trade_display_campaign_originating_culture_trade_model_options_tables</Type>
    <MaxVersion>1</MaxVersion>
  </TypeVersionTuple>
  <TypeVersionTuple>
    <Type>trade_display_campaign_originating_subculture_produced_resource_trade_model_options_tables</Type>
    <MaxVersion>0</MaxVersion>
  </TypeVersionTuple>
  <TypeVersionTuple>
    <Type>trade_display_campaign_originating_subculture_trade_model_options_tables</Type>
    <MaxVersion>0</MaxVersion>
  </TypeVersionTuple>
  <TypeVersionTuple>
    <Type>trade_display_campaign_owning_culture_produced_resource_trade_model_options_tables</Type>
    <MaxVersion>1</MaxVersion>
  </TypeVersionTuple>
  <TypeVersionTuple>
    <Type>trade_display_campaign_owning_culture_trade_model_options_tables</Type>
    <MaxVersion>1</MaxVersion>
  </TypeVersionTuple>
  <TypeVersionTuple>
    <Type>trade_display_campaign_owning_faction_produced_resource_trade_model_options_tables</Type>
    <MaxVersion>0</MaxVersion>
  </TypeVersionTuple>
  <TypeVersionTuple>
    <Type>trade_display_campaign_owning_faction_trade_model_options_tables</Type>
    <MaxVersion>0</MaxVersion>
  </TypeVersionTuple>
  <TypeVersionTuple>
    <Type>trade_display_campaign_owning_subculture_produced_resource_trade_model_options_tables</Type>
    <MaxVersion>0</MaxVersion>
  </TypeVersionTuple>
  <TypeVersionTuple>
    <Type>trade_display_campaign_owning_subculture_trade_model_options_tables</Type>
    <MaxVersion>0</MaxVersion>
  </TypeVersionTuple>
  <TypeVersionTuple>
    <Type>trade_display_campaign_produced_resource_trade_model_options_tables</Type>
    <MaxVersion>0</MaxVersion>
  </TypeVersionTuple>
  <TypeVersionTuple>
    <Type>trade_display_campaign_trade_model_options_tables</Type>
    <MaxVersion>0</MaxVersion>
  </TypeVersionTuple>
  <TypeVersionTuple>
    <Type>trade_display_generic_trade_model_options_tables</Type>
    <MaxVersion>0</MaxVersion>
  </TypeVersionTuple>
  <TypeVersionTuple>
    <Type>trade_display_originating_culture_produced_resource_trade_model_options_tables</Type>
    <MaxVersion>0</MaxVersion>
  </TypeVersionTuple>
  <TypeVersionTuple>
    <Type>trade_display_originating_culture_trade_model_options_tables</Type>
    <MaxVersion>1</MaxVersion>
  </TypeVersionTuple>
  <TypeVersionTuple>
    <Type>trade_display_originating_subculture_produced_resource_trade_model_options_tables</Type>
    <MaxVersion>0</MaxVersion>
  </TypeVersionTuple>
  <TypeVersionTuple>
    <Type>trade_display_originating_subculture_trade_model_options_tables</Type>
    <MaxVersion>1</MaxVersion>
  </TypeVersionTuple>
  <TypeVersionTuple>
    <Type>trade_display_owning_culture_produced_resource_trade_model_options_tables</Type>
    <MaxVersion>0</MaxVersion>
  </TypeVersionTuple>
  <TypeVersionTuple>
    <Type>trade_display_owning_culture_trade_model_options_tables</Type>
    <MaxVersion>0</MaxVersion>
  </TypeVersionTuple>
  <TypeVersionTuple>
    <Type>trade_display_owning_faction_produced_resource_trade_model_options_tables</Type>
    <MaxVersion>0</MaxVersion>
  </TypeVersionTuple>
  <TypeVersionTuple>
    <Type>trade_display_owning_faction_trade_model_options_tables</Type>
    <MaxVersion>1</MaxVersion>
  </TypeVersionTuple>
  <TypeVersionTuple>
    <Type>trade_display_owning_subculture_produced_resource_trade_model_options_tables</Type>
    <MaxVersion>0</MaxVersion>
  </TypeVersionTuple>
  <TypeVersionTuple>
    <Type>trade_display_owning_subculture_trade_model_options_tables</Type>
    <MaxVersion>0</MaxVersion>
  </TypeVersionTuple>
  <TypeVersionTuple>
    <Type>trade_display_produced_resource_trade_model_options_tables</Type>
    <MaxVersion>1</MaxVersion>
  </TypeVersionTuple>
  <TypeVersionTuple>
    <Type>trade_display_trade_models_tables</Type>
    <MaxVersion>1</MaxVersion>
  </TypeVersionTuple>
  <TypeVersionTuple>
    <Type>trade_node_groups_tables</Type>
    <MaxVersion>0</MaxVersion>
  </TypeVersionTuple>
  <TypeVersionTuple>
    <Type>trade_nodes_tables</Type>
    <MaxVersion>1</MaxVersion>
  </TypeVersionTuple>
  <TypeVersionTuple>
    <Type>trait_attribute_effects_tables</Type>
    <MaxVersion>0</MaxVersion>
  </TypeVersionTuple>
  <TypeVersionTuple>
    <Type>trait_categories_tables</Type>
    <MaxVersion>0</MaxVersion>
  </TypeVersionTuple>
  <TypeVersionTuple>
    <Type>trait_info_tables</Type>
    <MaxVersion>0</MaxVersion>
  </TypeVersionTuple>
  <TypeVersionTuple>
    <Type>trait_level_effects_tables</Type>
    <MaxVersion>0</MaxVersion>
  </TypeVersionTuple>
  <TypeVersionTuple>
    <Type>trait_to_antitraits_tables</Type>
    <MaxVersion>0</MaxVersion>
  </TypeVersionTuple>
  <TypeVersionTuple>
    <Type>trait_to_included_agents_tables</Type>
    <MaxVersion>0</MaxVersion>
  </TypeVersionTuple>
  <TypeVersionTuple>
    <Type>trees_tables</Type>
    <MaxVersion>0</MaxVersion>
  </TypeVersionTuple>
  <TypeVersionTuple>
    <Type>trigger_effects_tables</Type>
    <MaxVersion>0</MaxVersion>
  </TypeVersionTuple>
  <TypeVersionTuple>
    <Type>trigger_event_to_excluded_agent_types_tables</Type>
    <MaxVersion>0</MaxVersion>
  </TypeVersionTuple>
  <TypeVersionTuple>
    <Type>trigger_events_tables</Type>
    <MaxVersion>0</MaxVersion>
  </TypeVersionTuple>
  <TypeVersionTuple>
    <Type>ui_effects_tables</Type>
    <MaxVersion>1</MaxVersion>
  </TypeVersionTuple>
  <TypeVersionTuple>
    <Type>ui_unit_stat_to_classes_tables</Type>
    <MaxVersion>3</MaxVersion>
  </TypeVersionTuple>
  <TypeVersionTuple>
    <Type>ui_unit_stats_filters_tables</Type>
    <MaxVersion>0</MaxVersion>
  </TypeVersionTuple>
  <TypeVersionTuple>
    <Type>ui_unit_stats_tables</Type>
    <MaxVersion>3</MaxVersion>
  </TypeVersionTuple>
  <TypeVersionTuple>
    <Type>unit_abilities_tables</Type>
    <MaxVersion>4</MaxVersion>
  </TypeVersionTuple>
  <TypeVersionTuple>
    <Type>unit_armour_types_tables</Type>
    <MaxVersion>1</MaxVersion>
  </TypeVersionTuple>
  <TypeVersionTuple>
    <Type>unit_attributes_groups_tables</Type>
    <MaxVersion>0</MaxVersion>
  </TypeVersionTuple>
  <TypeVersionTuple>
    <Type>unit_attributes_tables</Type>
    <MaxVersion>3</MaxVersion>
  </TypeVersionTuple>
  <TypeVersionTuple>
    <Type>unit_attributes_to_groups_junctions_tables</Type>
    <MaxVersion>2</MaxVersion>
  </TypeVersionTuple>
  <TypeVersionTuple>
    <Type>unit_castes_tables</Type>
    <MaxVersion>2</MaxVersion>
  </TypeVersionTuple>
  <TypeVersionTuple>
    <Type>unit_category_tables</Type>
    <MaxVersion>2</MaxVersion>
  </TypeVersionTuple>
  <TypeVersionTuple>
    <Type>unit_class_tables</Type>
    <MaxVersion>3</MaxVersion>
  </TypeVersionTuple>
  <TypeVersionTuple>
    <Type>unit_class_to_population_class_priorities_tables</Type>
    <MaxVersion>0</MaxVersion>
  </TypeVersionTuple>
  <TypeVersionTuple>
    <Type>unit_description_gameplay_texts_tables</Type>
    <MaxVersion>0</MaxVersion>
  </TypeVersionTuple>
  <TypeVersionTuple>
    <Type>unit_description_historical_texts_tables</Type>
    <MaxVersion>0</MaxVersion>
  </TypeVersionTuple>
  <TypeVersionTuple>
    <Type>unit_description_short_texts_tables</Type>
    <MaxVersion>0</MaxVersion>
  </TypeVersionTuple>
  <TypeVersionTuple>
    <Type>unit_description_strengths_weaknesses_texts_tables</Type>
    <MaxVersion>0</MaxVersion>
  </TypeVersionTuple>
  <TypeVersionTuple>
    <Type>unit_experience_bonuses_tables</Type>
    <MaxVersion>1</MaxVersion>
  </TypeVersionTuple>
  <TypeVersionTuple>
    <Type>unit_experience_threshold_modifiers_tables</Type>
    <MaxVersion>0</MaxVersion>
  </TypeVersionTuple>
  <TypeVersionTuple>
    <Type>unit_experience_thresholds_tables</Type>
    <MaxVersion>0</MaxVersion>
  </TypeVersionTuple>
  <TypeVersionTuple>
    <Type>unit_fatigue_effects_tables</Type>
    <MaxVersion>2</MaxVersion>
  </TypeVersionTuple>
  <TypeVersionTuple>
    <Type>unit_ground_type_movement_modifiers_tables</Type>
    <MaxVersion>0</MaxVersion>
  </TypeVersionTuple>
  <TypeVersionTuple>
    <Type>unit_regiment_names_tables</Type>
    <MaxVersion>1</MaxVersion>
  </TypeVersionTuple>
  <TypeVersionTuple>
    <Type>unit_required_technology_junctions_tables</Type>
    <MaxVersion>0</MaxVersion>
  </TypeVersionTuple>
  <TypeVersionTuple>
    <Type>unit_set_to_unit_junctions_tables</Type>
    <MaxVersion>0</MaxVersion>
  </TypeVersionTuple>
  <TypeVersionTuple>
    <Type>unit_sets_tables</Type>
    <MaxVersion>0</MaxVersion>
  </TypeVersionTuple>
  <TypeVersionTuple>
    <Type>unit_shield_types_tables</Type>
    <MaxVersion>3</MaxVersion>
  </TypeVersionTuple>
  <TypeVersionTuple>
    <Type>unit_spacings_tables</Type>
    <MaxVersion>2</MaxVersion>
  </TypeVersionTuple>
  <TypeVersionTuple>
    <Type>unit_special_abilities_tables</Type>
    <MaxVersion>16</MaxVersion>
  </TypeVersionTuple>
  <TypeVersionTuple>
    <Type>unit_special_ability_effects_tables</Type>
    <MaxVersion>1</MaxVersion>
  </TypeVersionTuple>
  <TypeVersionTuple>
    <Type>unit_stat_modifiers_tables</Type>
    <MaxVersion>1</MaxVersion>
  </TypeVersionTuple>
  <TypeVersionTuple>
    <Type>unit_stats_land_experience_bonuses_tables</Type>
    <MaxVersion>0</MaxVersion>
  </TypeVersionTuple>
  <TypeVersionTuple>
    <Type>unit_stats_naval_crew_tables</Type>
    <MaxVersion>2</MaxVersion>
  </TypeVersionTuple>
  <TypeVersionTuple>
    <Type>unit_stats_naval_crew_to_factions_tables</Type>
    <MaxVersion>0</MaxVersion>
  </TypeVersionTuple>
  <TypeVersionTuple>
    <Type>unit_stats_naval_experience_bonuses_tables</Type>
    <MaxVersion>1</MaxVersion>
  </TypeVersionTuple>
  <TypeVersionTuple>
    <Type>unit_to_unit_abilities_junctions_tables</Type>
    <MaxVersion>0</MaxVersion>
  </TypeVersionTuple>
  <TypeVersionTuple>
    <Type>unit_type_enums_tables</Type>
    <MaxVersion>0</MaxVersion>
  </TypeVersionTuple>
  <TypeVersionTuple>
    <Type>unit_variants_colours_tables</Type>
    <MaxVersion>1</MaxVersion>
  </TypeVersionTuple>
  <TypeVersionTuple>
    <Type>unit_variants_tables</Type>
    <MaxVersion>4</MaxVersion>
  </TypeVersionTuple>
  <TypeVersionTuple>
    <Type>unit_voice_categories_tables</Type>
    <MaxVersion>0</MaxVersion>
  </TypeVersionTuple>
  <TypeVersionTuple>
    <Type>unit_voice_events_junctions_tables</Type>
    <MaxVersion>0</MaxVersion>
  </TypeVersionTuple>
  <TypeVersionTuple>
    <Type>unit_weights_tables</Type>
    <MaxVersion>0</MaxVersion>
  </TypeVersionTuple>
  <TypeVersionTuple>
    <Type>units_custom_battle_permissions_tables</Type>
    <MaxVersion>4</MaxVersion>
  </TypeVersionTuple>
  <TypeVersionTuple>
    <Type>units_tables</Type>
    <MaxVersion>14</MaxVersion>
  </TypeVersionTuple>
  <TypeVersionTuple>
    <Type>units_to_exclusive_faction_permissions_tables</Type>
    <MaxVersion>0</MaxVersion>
  </TypeVersionTuple>
  <TypeVersionTuple>
    <Type>units_to_gov_type_permissions_tables</Type>
    <MaxVersion>0</MaxVersion>
  </TypeVersionTuple>
  <TypeVersionTuple>
    <Type>units_to_gov_types_conversion_jcts_tables</Type>
    <MaxVersion>0</MaxVersion>
  </TypeVersionTuple>
  <TypeVersionTuple>
    <Type>units_to_groupings_military_permissions_tables</Type>
    <MaxVersion>0</MaxVersion>
  </TypeVersionTuple>
  <TypeVersionTuple>
    <Type>unrest_cause_to_demands_tables</Type>
    <MaxVersion>1</MaxVersion>
  </TypeVersionTuple>
  <TypeVersionTuple>
    <Type>variants_tables</Type>
    <MaxVersion>0</MaxVersion>
  </TypeVersionTuple>
  <TypeVersionTuple>
    <Type>victory_conditions_tables</Type>
    <MaxVersion>0</MaxVersion>
  </TypeVersionTuple>
  <TypeVersionTuple>
    <Type>videos_tables</Type>
    <MaxVersion>2</MaxVersion>
  </TypeVersionTuple>
  <TypeVersionTuple>
    <Type>voice_events_tables</Type>
    <MaxVersion>0</MaxVersion>
  </TypeVersionTuple>
  <TypeVersionTuple>
    <Type>voice_types_tables</Type>
    <MaxVersion>0</MaxVersion>
  </TypeVersionTuple>
  <TypeVersionTuple>
    <Type>warscape_animated_lod_tables</Type>
    <MaxVersion>1</MaxVersion>
  </TypeVersionTuple>
  <TypeVersionTuple>
    <Type>warscape_animated_tables</Type>
    <MaxVersion>2</MaxVersion>
  </TypeVersionTuple>
  <TypeVersionTuple>
    <Type>warscape_equipment_items_tables</Type>
    <MaxVersion>2</MaxVersion>
  </TypeVersionTuple>
  <TypeVersionTuple>
    <Type>warscape_equipment_themes_tables</Type>
    <MaxVersion>1</MaxVersion>
  </TypeVersionTuple>
  <TypeVersionTuple>
    <Type>warscape_rigid_lod_range_tables</Type>
    <MaxVersion>1</MaxVersion>
  </TypeVersionTuple>
  <TypeVersionTuple>
    <Type>warscape_rigid_lod_tables</Type>
    <MaxVersion>1</MaxVersion>
  </TypeVersionTuple>
  <TypeVersionTuple>
    <Type>warscape_rigid_tables</Type>
    <MaxVersion>2</MaxVersion>
  </TypeVersionTuple>
  <TypeVersionTuple>
    <Type>warscape_trees_tables</Type>
    <MaxVersion>0</MaxVersion>
  </TypeVersionTuple>
  <TypeVersionTuple>
    <Type>warscape_underlay_textures_tables</Type>
    <MaxVersion>2</MaxVersion>
  </TypeVersionTuple>
  <TypeVersionTuple>
    <Type>wind_levels_tables</Type>
    <MaxVersion>0</MaxVersion>
  </TypeVersionTuple>
</ArrayOfTypeVersionTuple>